geography_id,age_group,survey_year,scope,observed,employment_weight,covered_weight,unresolved_weight,weighted_coverage_percent,exposure_lower,exposure_upper,covered_only_mean,alternative_equal_onet_lower,alternative_equal_onet_upper,heterogeneity_lower,heterogeneity_upper,high_exposure_threshold,known_high_exposure_weight,possible_high_exposure_weight,coverage_among_possible_high_percent,available_soc_diagnostic_coverage_percent,available_soc_diagnostic_lower,available_soc_diagnostic_upper,target_98_achieved,mapping_release_status,geographic_join_missing_weight,status
10,22-34,2015,State,True,24349.0,20252.0,4097.0,83.17384697523512,0.28212878308057737,0.45039031332822616,0.33920372008833594,0.28220423590107785,0.45046576614872663,0.27038887452809024,0.46256069560730123,0.5,4740.0,8837.0,53.63811248161141,90.09815598176516,0.3158251417949686,0.4148435819773169,False,PROVISIONAL_AUDIT_NOT_FINAL,0.0,
10,22-34,2016,State,True,23979.0,20349.0,3630.0,84.86175403478043,0.28034576470594574,0.43172822435814145,0.3303558450972467,0.28047672802829005,0.4318591876804857,0.26573312232498697,0.44670319013313625,0.5,4495.0,8125.0,55.323076923076925,90.32069727678385,0.30586370106981237,0.40265672830197385,False,PROVISIONAL_AUDIT_NOT_FINAL,0.0,
10,22-34,2017,State,True,24463.0,20494.0,3969.0,83.77549769038957,0.2893221894193749,0.45156721251547915,0.34535418755568303,0.2893859625320595,0.4516309856281638,0.27427398963570626,0.46661771998634677,0.5,5124.0,9093.0,56.351039260969976,87.42999632097454,0.30707230496606996,0.4327723417563247,False,PROVISIONAL_AUDIT_NOT_FINAL,0.0,
10,22-34,2018,State,True,25780.0,20813.0,4967.0,80.73312645461598,0.2820730409425284,0.4747417763963686,0.34938946790459724,0.2818382001818349,0.4745069356356751,0.26992749048751424,0.48677021342160626,0.5,5606.0,10573.0,53.02184810366027,85.35686578743211,0.30587278643817156,0.4523041285638503,False,PROVISIONAL_AUDIT_NOT_FINAL,0.0,
10,22-34,2019,State,True,25085.0,20719.0,4366.0,82.59517640023918,0.2653411665054777,0.43938940250308584,0.32125503942226497,0.26540706764335686,0.439455303640965,0.25411288037596713,0.45103000311645597,0.5,4364.0,8730.0,49.988545246277205,89.16483954554515,0.29737796328621824,0.40572956783076686,False,PROVISIONAL_AUDIT_NOT_FINAL,0.0,
10,22-34,pooled,State,True,123656.0,102627.0,21029.0,82.99395096072976,0.27978892822157686,0.4498494186142792,0.337119663520977,0.2798062066967134,0.4498666970894158,0.2668566843790262,0.4629963704774209,0.5,24329.0,45358.0,53.63772653115217,88.43566021867115,0.3063447669770536,0.4219881647903421,False,PROVISIONAL_AUDIT_NOT_FINAL,0.0,
10,25-34,2015,State,True,19492.0,16244.0,3248.0,83.33675353991381,0.2888347618883008,0.4554672264891627,0.3465874894562152,0.2888918790242137,0.4555243436250756,0.27660488616976636,0.468411554931804,0.5,3856.0,7104.0,54.27927927927928,90.42171147137287,0.32303062331393456,0.41881350860020594,False,PROVISIONAL_AUDIT_NOT_FINAL,0.0,
10,25-34,2016,State,True,19520.0,16680.0,2840.0,85.45081967213115,0.279899414705137,0.42539121798382556,0.32755614958299006,0.28007074310922253,0.4255625463879111,0.263950064984386,0.441792994640851,0.5,3590.0,6430.0,55.83203732503888,91.6188524590164,0.3091189408919985,0.3929304163018347,False,PROVISIONAL_AUDIT_NOT_FINAL,0.0,
10,25-34,2017,State,True,20007.0,16975.0,3032.0,84.84530414354975,0.28975097670704647,0.44129793527154887,0.3415050245053242,0.28983842347571787,0.44138538204022026,0.2739640251990688,0.45722703047801805,0.5,4207.0,7239.0,58.11576184555878,88.99385215174689,0.30982668475179187,0.41988816323432293,False,PROVISIONAL_AUDIT_NOT_FINAL,0.0,
10,25-34,2018,State,True,20788.0,16562.0,4226.0,79.67096401770252,0.28495701067314033,0.4882473704961151,0.35766733111177645,0.2846520516464187,0.4879424114693935,0.27351330576431854,0.49981509933484325,0.5,4646.0,8872.0,52.366997294860234,84.28420242447567,0.3078984809742679,0.4650564567295113,False,PROVISIONAL_AUDIT_NOT_FINAL,0.0,
10,25-34,2019,State,True,20666.0,16920.0,3746.0,81.87360882609116,0.2675691317865107,0.4488330435255991,0.32680754595153844,0.2676172974667809,0.4488812092058692,0.25582793264541387,0.4609423004653519,0.5,3655.0,7401.0,49.3852182137549,89.17061840704538,0.3030411913985324,0.41133500732807854,False,PROVISIONAL_AUDIT_NOT_FINAL,0.0,
10,25-34,pooled,State,True,100473.0,83381.0,17092.0,82.98846456261882,0.28210485961524173,0.4522202139890536,0.339932617264391,0.2821134500710134,0.45222880444482527,0.2687072210260751,0.46597402634820817,0.5,19954.0,37046.0,53.862765210818985,88.84277368049128,0.3104561424622662,0.4220284056573534,False,PROVISIONAL_AUDIT_NOT_FINAL,0.0,
US,22-34,pooled,National,False,,,,,,,,,,,,,,,,,,,,,,OPEN_DOWNLOAD_HTTP_403
US,22-34,2015,National,False,,,,,,,,,,,,,,,,,,,,,,OPEN_DOWNLOAD_HTTP_403
US,22-34,2016,National,False,,,,,,,,,,,,,,,,,,,,,,OPEN_DOWNLOAD_HTTP_403
US,22-34,2017,National,False,,,,,,,,,,,,,,,,,,,,,,OPEN_DOWNLOAD_HTTP_403
US,22-34,2018,National,False,,,,,,,,,,,,,,,,,,,,,,OPEN_DOWNLOAD_HTTP_403
US,22-34,2019,National,False,,,,,,,,,,,,,,,,,,,,,,OPEN_DOWNLOAD_HTTP_403
US,25-34,pooled,National,False,,,,,,,,,,,,,,,,,,,,,,OPEN_DOWNLOAD_HTTP_403
US,25-34,2015,National,False,,,,,,,,,,,,,,,,,,,,,,OPEN_DOWNLOAD_HTTP_403
US,25-34,2016,National,False,,,,,,,,,,,,,,,,,,,,,,OPEN_DOWNLOAD_HTTP_403
US,25-34,2017,National,False,,,,,,,,,,,,,,,,,,,,,,OPEN_DOWNLOAD_HTTP_403
US,25-34,2018,National,False,,,,,,,,,,,,,,,,,,,,,,OPEN_DOWNLOAD_HTTP_403
US,25-34,2019,National,False,,,,,,,,,,,,,,,,,,,,,,OPEN_DOWNLOAD_HTTP_403
19800,22-34,2015,CZ_allocated_sample,True,15938.0,13352.0,2586.0,83.77462667837872,0.31212169888984337,0.47437543210605615,0.3725730704693172,0.31236232125901114,0.474616054475224,0.3003513417871558,0.48729565291321947,0.5,3891.0,6477.0,60.07410838351088,90.86460032626428,0.34804509630814234,0.43939909304549957,False,PROVISIONAL_AUDIT_NOT_FINAL,0.0,
19800,22-34,2016,CZ_allocated_sample,True,14595.0,12375.0,2220.0,84.78931140801645,0.30166594970272637,0.45377283562256193,0.3557829928009124,0.3018343523818505,0.4539412383016861,0.2846990574150932,0.4711996178879944,0.5,3228.0,5448.0,59.25110132158591,90.94895512161699,0.331397759322124,0.4219082081059541,False,PROVISIONAL_AUDIT_NOT_FINAL,0.0,
19800,22-34,2017,CZ_allocated_sample,True,15114.0,12366.0,2748.0,81.81818181818181,0.28490512902140097,0.4667233108395828,0.34821737991504564,0.2849507558771634,0.4667689376953452,0.2672311541659527,0.48405497676931913,0.5,2952.0,5700.0,51.78947368421053,86.2313087203917,0.30728479912569895,0.4449717119217822,False,PROVISIONAL_AUDIT_NOT_FINAL,0.0,
19800,22-34,2018,CZ_allocated_sample,True,15300.0,11801.0,3499.0,77.13071895424837,0.294866527617824,0.5235593380753404,0.3822945405095083,0.2945495128871611,0.5232423233446775,0.2817592114351543,0.5361053153845953,0.5,3785.0,7284.0,51.963207029104886,83.6797385620915,0.3290493273991556,0.49225194177824044,False,PROVISIONAL_AUDIT_NOT_FINAL,0.0,
19800,22-34,2019,CZ_allocated_sample,True,15536.0,12540.0,2996.0,80.71575695159629,0.26498636519686225,0.45782879568089935,0.32829570731247626,0.2650464728583632,0.45788890334240023,0.2537662402430281,0.46921518584860983,0.5,2915.0,5911.0,49.3148367450516,88.73583934088569,0.3053182608270468,0.41795986741818997,False,PROVISIONAL_AUDIT_NOT_FINAL,0.0,
19800,22-34,pooled,CZ_allocated_sample,True,76483.0,62434.0,14049.0,81.63121216479479,0.2917217203182175,0.4754095986702696,0.3573654152400652,0.2917618075005919,0.47544968585264397,0.2776374140111493,0.48967511618040566,0.5,16771.0,30820.0,54.415963659961065,88.0953937476302,0.3243344887840104,0.44338055130770854,False,PROVISIONAL_AUDIT_NOT_FINAL,0.0,
19800,25-34,2015,CZ_allocated_sample,True,12923.0,10861.0,2062.0,84.04395264257525,0.31519914450422,0.4747596180784675,0.37504083826793433,0.31543989091036756,0.475000364484615,0.3025914459041325,0.48871026126717704,0.5,3118.0,5180.0,60.19305019305019,91.93685676700457,0.35549375280487366,0.43612518513482784,False,PROVISIONAL_AUDIT_NOT_FINAL,0.0,
19800,25-34,2016,CZ_allocated_sample,True,12199.0,10428.0,1771.0,85.4824165915239,0.29765864967310646,0.4428344837578675,0.3482103823707543,0.2978768477256578,0.44305268181041885,0.27941240282663393,0.4616454961459219,0.5,2575.0,4346.0,59.249884951679704,92.25346339863923,0.33063373631547477,0.40809910232908236,False,PROVISIONAL_AUDIT_NOT_FINAL,0.0,
19800,25-34,2017,CZ_allocated_sample,True,12253.0,10174.0,2079.0,83.03272667918061,0.28306817594374867,0.45274090915194254,0.34091157458607746,0.2831605652633989,0.4528332984715928,0.26361450230442435,0.4721038306791107,0.5,2243.0,4322.0,51.8972697825081,88.09271198890067,0.30867993642983055,0.42775281654082375,False,PROVISIONAL_AUDIT_NOT_FINAL,0.0,
19800,25-34,2018,CZ_allocated_sample,True,12917.0,9807.0,3110.0,75.92320198188433,0.2967351107053092,0.5375030908864659,0.3908358748832955,0.29635961133400457,0.5371275915151612,0.28492911030892576,0.5493005698629994,0.5,3309.0,6419.0,51.550085683128216,82.54238600294185,0.3294473339277846,0.504023473898366,False,PROVISIONAL_AUDIT_NOT_FINAL,0.0,
19800,25-34,2019,CZ_allocated_sample,True,12764.0,10223.0,2541.0,80.092447508618,0.2687660610632989,0.4678415859771191,0.3355697939364128,0.2688260094991675,0.46790153441298765,0.257090587336803,0.4796869659911964,0.5,2427.0,4968.0,48.85265700483092,88.91413350047007,0.3130779115042204,0.4239365764995196,False,PROVISIONAL_AUDIT_NOT_FINAL,0.0,
19800,25-34,pooled,CZ_allocated_sample,True,63056.0,51493.0,11563.0,81.66233189545801,0.29238055379379346,0.4757572348392134,0.3580360087783085,0.29242527383058103,0.47580195487600097,0.27770463126212686,0.4908326605871442,0.5,13672.0,25235.0,54.178720031702,88.7147931996955,0.32766587878504244,0.44051794678808737,False,PROVISIONAL_AUDIT_NOT_FINAL,0.0,
19901,22-34,2015,CZ_allocated_sample,True,8411.0,6900.0,1511.0,82.03542979431697,0.22529522082066997,0.40494092287750033,0.27463160903226885,0.2250576939399863,0.4047033959968166,0.21361300921183923,0.415690436477385,0.5,849.0,2360.0,35.97457627118644,88.64582094875757,0.2547715649276564,0.36831335544008054,False,PROVISIONAL_AUDIT_NOT_FINAL,0.0,
19901,22-34,2016,CZ_allocated_sample,True,9384.0,7974.0,1410.0,84.97442455242967,0.24718633375666899,0.3974420882323723,0.2908949781756436,0.24725906738888093,0.39751482186458426,0.2362352725125294,0.40860372688908736,0.5,1267.0,2677.0,47.329099738513264,89.34356351236147,0.2661504039478508,0.37271476882423615,False,PROVISIONAL_AUDIT_NOT_FINAL,0.0,
19901,22-34,2017,CZ_allocated_sample,True,9349.0,8128.0,1221.0,86.93977965557814,0.2964630013623611,0.4270652048065797,0.34099810528256813,0.2965561105031901,0.4271583139474087,0.2856597437580568,0.43842789230233303,0.5,2172.0,3393.0,64.01414677276746,89.36784682853781,0.30672877766597023,0.413050309380592,False,PROVISIONAL_AUDIT_NOT_FINAL,0.0,
19901,22-34,2018,CZ_allocated_sample,True,10480.0,9012.0,1468.0,85.99236641221374,0.2633955269986331,0.4034718628764957,0.3063010566961468,0.26328065396127287,0.4033569898391355,0.25265408108876497,0.41474473059396005,0.5,1821.0,3289.0,55.366372757677105,87.80534351145039,0.27203680583673484,0.3939833707222311,False,PROVISIONAL_AUDIT_NOT_FINAL,0.0,
19901,22-34,2019,CZ_allocated_sample,True,9549.0,8179.0,1370.0,85.6529479526652,0.265918419948838,0.40938894042218604,0.31046032425619935,0.2659937469374886,0.4094642674108366,0.2546768557770919,0.42144313549400947,0.5,1449.0,2819.0,51.40120610145441,89.86281285998534,0.28445928461889064,0.38583115601903734,False,PROVISIONAL_AUDIT_NOT_FINAL,0.0,
19901,22-34,pooled,CZ_allocated_sample,True,47173.0,40193.0,6980.0,85.20340025014309,0.26044193443429675,0.4084079319328658,0.3056708226076451,0.26042223246817087,0.40838822996673996,0.24937756402514435,0.41974131975770024,0.5,7558.0,14538.0,51.98789379557023,88.9873444555148,0.2771774913541024,0.3873040467989543,False,PROVISIONAL_AUDIT_NOT_FINAL,0.0,
19901,25-34,2015,CZ_allocated_sample,True,6569.0,5383.0,1186.0,81.94550159841681,0.23696888937413985,0.41751387338997176,0.2891786428197519,0.23666475806139353,0.41720974207722544,0.225482293469627,0.4284785085058598,0.5,738.0,1924.0,38.357588357588355,87.44101080834221,0.25916686590620014,0.3847567578227782,False,PROVISIONAL_AUDIT_NOT_FINAL,0.0,
19901,25-34,2016,CZ_allocated_sample,True,7321.0,6252.0,1069.0,85.39816964895506,0.25030715854146274,0.39632546205191216,0.2931059993093488,0.250400387936993,0.3964186914474424,0.23818513405451533,0.4087127233855087,0.5,1015.0,2084.0,48.70441458733205,90.5613987160224,0.27326878526148524,0.36765479810126117,False,PROVISIONAL_AUDIT_NOT_FINAL,0.0,
19901,25-34,2017,CZ_allocated_sample,True,7754.0,6801.0,953.0,87.70956925457828,0.3003112498244941,0.42321555727871124,0.3423927997557899,0.300390886291754,0.4232951937459712,0.2903185137247432,0.4337184629175346,0.5,1964.0,2917.0,67.3294480630785,90.41784885220531,0.3116387955576975,0.4074603070356445,False,PROVISIONAL_AUDIT_NOT_FINAL,0.0,
19901,25-34,2018,CZ_allocated_sample,True,7871.0,6755.0,1116.0,85.82136958455088,0.26562811750638565,0.4074144216608768,0.3095127924341616,0.26543892135998154,0.4072252255144727,0.25477897120674103,0.41860511041193743,0.5,1337.0,2453.0,54.50468813697513,87.14267564477194,0.2725349269658097,0.4011081705180901,False,PROVISIONAL_AUDIT_NOT_FINAL,0.0,
19901,25-34,2019,CZ_allocated_sample,True,7902.0,6697.0,1205.0,84.75069602632244,0.26563574716376653,0.418128786900542,0.3134319358052983,0.2656648803089242,0.41815792004569974,0.25378838259721204,0.4306642808789332,0.5,1228.0,2433.0,50.472667488697084,89.5849152113389,0.2868290051888384,0.3909798530754494,False,PROVISIONAL_AUDIT_NOT_FINAL,0.0,
19901,25-34,pooled,CZ_allocated_sample,True,37417.0,31888.0,5529.0,85.22329422455034,0.26478802042121885,0.41255507817571546,0.31069911440356074,0.2647357244654519,0.41250278221994857,0.25354457570858635,0.42408167686614523,0.5,6282.0,11811.0,53.18770637541275,89.05844936793436,0.2814538939236614,0.39086940024431777,False,PROVISIONAL_AUDIT_NOT_FINAL,0.0,
