scope,geography_id,age_group,survey_year,method,lower,upper,status,note
State,10,22-34,2015,equal_soc_primary,0.28212878308057737,0.45039031332822616,PROVISIONAL,"All unresolved group employment allowed exposure [0,1]; envelope spans all rated O*NET children; primary assumes equal internal shares"
State,10,22-34,2015,equal_onet_children,0.28220423590107785,0.45046576614872663,PROVISIONAL,"All unresolved group employment allowed exposure [0,1]; envelope spans all rated O*NET children; primary assumes equal internal shares"
State,10,22-34,2015,member_heterogeneity_envelope,0.27038887452809024,0.46256069560730123,PROVISIONAL,"All unresolved group employment allowed exposure [0,1]; envelope spans all rated O*NET children; primary assumes equal internal shares"
State,10,22-34,2015,available_child_SOC_diagnostic,0.3158251417949686,0.4148435819773169,PROVISIONAL,"All unresolved group employment allowed exposure [0,1]; envelope spans all rated O*NET children; primary assumes equal internal shares"
State,10,22-34,2016,equal_soc_primary,0.28034576470594574,0.43172822435814145,PROVISIONAL,"All unresolved group employment allowed exposure [0,1]; envelope spans all rated O*NET children; primary assumes equal internal shares"
State,10,22-34,2016,equal_onet_children,0.28047672802829005,0.4318591876804857,PROVISIONAL,"All unresolved group employment allowed exposure [0,1]; envelope spans all rated O*NET children; primary assumes equal internal shares"
State,10,22-34,2016,member_heterogeneity_envelope,0.26573312232498697,0.44670319013313625,PROVISIONAL,"All unresolved group employment allowed exposure [0,1]; envelope spans all rated O*NET children; primary assumes equal internal shares"
State,10,22-34,2016,available_child_SOC_diagnostic,0.30586370106981237,0.40265672830197385,PROVISIONAL,"All unresolved group employment allowed exposure [0,1]; envelope spans all rated O*NET children; primary assumes equal internal shares"
State,10,22-34,2017,equal_soc_primary,0.2893221894193749,0.45156721251547915,PROVISIONAL,"All unresolved group employment allowed exposure [0,1]; envelope spans all rated O*NET children; primary assumes equal internal shares"
State,10,22-34,2017,equal_onet_children,0.2893859625320595,0.4516309856281638,PROVISIONAL,"All unresolved group employment allowed exposure [0,1]; envelope spans all rated O*NET children; primary assumes equal internal shares"
State,10,22-34,2017,member_heterogeneity_envelope,0.27427398963570626,0.46661771998634677,PROVISIONAL,"All unresolved group employment allowed exposure [0,1]; envelope spans all rated O*NET children; primary assumes equal internal shares"
State,10,22-34,2017,available_child_SOC_diagnostic,0.30707230496606996,0.4327723417563247,PROVISIONAL,"All unresolved group employment allowed exposure [0,1]; envelope spans all rated O*NET children; primary assumes equal internal shares"
State,10,22-34,2018,equal_soc_primary,0.2820730409425284,0.4747417763963686,PROVISIONAL,"All unresolved group employment allowed exposure [0,1]; envelope spans all rated O*NET children; primary assumes equal internal shares"
State,10,22-34,2018,equal_onet_children,0.2818382001818349,0.4745069356356751,PROVISIONAL,"All unresolved group employment allowed exposure [0,1]; envelope spans all rated O*NET children; primary assumes equal internal shares"
State,10,22-34,2018,member_heterogeneity_envelope,0.26992749048751424,0.48677021342160626,PROVISIONAL,"All unresolved group employment allowed exposure [0,1]; envelope spans all rated O*NET children; primary assumes equal internal shares"
State,10,22-34,2018,available_child_SOC_diagnostic,0.30587278643817156,0.4523041285638503,PROVISIONAL,"All unresolved group employment allowed exposure [0,1]; envelope spans all rated O*NET children; primary assumes equal internal shares"
State,10,22-34,2019,equal_soc_primary,0.2653411665054777,0.43938940250308584,PROVISIONAL,"All unresolved group employment allowed exposure [0,1]; envelope spans all rated O*NET children; primary assumes equal internal shares"
State,10,22-34,2019,equal_onet_children,0.26540706764335686,0.439455303640965,PROVISIONAL,"All unresolved group employment allowed exposure [0,1]; envelope spans all rated O*NET children; primary assumes equal internal shares"
State,10,22-34,2019,member_heterogeneity_envelope,0.25411288037596713,0.45103000311645597,PROVISIONAL,"All unresolved group employment allowed exposure [0,1]; envelope spans all rated O*NET children; primary assumes equal internal shares"
State,10,22-34,2019,available_child_SOC_diagnostic,0.29737796328621824,0.40572956783076686,PROVISIONAL,"All unresolved group employment allowed exposure [0,1]; envelope spans all rated O*NET children; primary assumes equal internal shares"
State,10,22-34,pooled,equal_soc_primary,0.27978892822157686,0.4498494186142792,PROVISIONAL,"All unresolved group employment allowed exposure [0,1]; envelope spans all rated O*NET children; primary assumes equal internal shares"
State,10,22-34,pooled,equal_onet_children,0.2798062066967134,0.4498666970894158,PROVISIONAL,"All unresolved group employment allowed exposure [0,1]; envelope spans all rated O*NET children; primary assumes equal internal shares"
State,10,22-34,pooled,member_heterogeneity_envelope,0.2668566843790262,0.4629963704774209,PROVISIONAL,"All unresolved group employment allowed exposure [0,1]; envelope spans all rated O*NET children; primary assumes equal internal shares"
State,10,22-34,pooled,available_child_SOC_diagnostic,0.3063447669770536,0.4219881647903421,PROVISIONAL,"All unresolved group employment allowed exposure [0,1]; envelope spans all rated O*NET children; primary assumes equal internal shares"
State,10,25-34,2015,equal_soc_primary,0.2888347618883008,0.4554672264891627,PROVISIONAL,"All unresolved group employment allowed exposure [0,1]; envelope spans all rated O*NET children; primary assumes equal internal shares"
State,10,25-34,2015,equal_onet_children,0.2888918790242137,0.4555243436250756,PROVISIONAL,"All unresolved group employment allowed exposure [0,1]; envelope spans all rated O*NET children; primary assumes equal internal shares"
State,10,25-34,2015,member_heterogeneity_envelope,0.27660488616976636,0.468411554931804,PROVISIONAL,"All unresolved group employment allowed exposure [0,1]; envelope spans all rated O*NET children; primary assumes equal internal shares"
State,10,25-34,2015,available_child_SOC_diagnostic,0.32303062331393456,0.41881350860020594,PROVISIONAL,"All unresolved group employment allowed exposure [0,1]; envelope spans all rated O*NET children; primary assumes equal internal shares"
State,10,25-34,2016,equal_soc_primary,0.279899414705137,0.42539121798382556,PROVISIONAL,"All unresolved group employment allowed exposure [0,1]; envelope spans all rated O*NET children; primary assumes equal internal shares"
State,10,25-34,2016,equal_onet_children,0.28007074310922253,0.4255625463879111,PROVISIONAL,"All unresolved group employment allowed exposure [0,1]; envelope spans all rated O*NET children; primary assumes equal internal shares"
State,10,25-34,2016,member_heterogeneity_envelope,0.263950064984386,0.441792994640851,PROVISIONAL,"All unresolved group employment allowed exposure [0,1]; envelope spans all rated O*NET children; primary assumes equal internal shares"
State,10,25-34,2016,available_child_SOC_diagnostic,0.3091189408919985,0.3929304163018347,PROVISIONAL,"All unresolved group employment allowed exposure [0,1]; envelope spans all rated O*NET children; primary assumes equal internal shares"
State,10,25-34,2017,equal_soc_primary,0.28975097670704647,0.44129793527154887,PROVISIONAL,"All unresolved group employment allowed exposure [0,1]; envelope spans all rated O*NET children; primary assumes equal internal shares"
State,10,25-34,2017,equal_onet_children,0.28983842347571787,0.44138538204022026,PROVISIONAL,"All unresolved group employment allowed exposure [0,1]; envelope spans all rated O*NET children; primary assumes equal internal shares"
State,10,25-34,2017,member_heterogeneity_envelope,0.2739640251990688,0.45722703047801805,PROVISIONAL,"All unresolved group employment allowed exposure [0,1]; envelope spans all rated O*NET children; primary assumes equal internal shares"
State,10,25-34,2017,available_child_SOC_diagnostic,0.30982668475179187,0.41988816323432293,PROVISIONAL,"All unresolved group employment allowed exposure [0,1]; envelope spans all rated O*NET children; primary assumes equal internal shares"
State,10,25-34,2018,equal_soc_primary,0.28495701067314033,0.4882473704961151,PROVISIONAL,"All unresolved group employment allowed exposure [0,1]; envelope spans all rated O*NET children; primary assumes equal internal shares"
State,10,25-34,2018,equal_onet_children,0.2846520516464187,0.4879424114693935,PROVISIONAL,"All unresolved group employment allowed exposure [0,1]; envelope spans all rated O*NET children; primary assumes equal internal shares"
State,10,25-34,2018,member_heterogeneity_envelope,0.27351330576431854,0.49981509933484325,PROVISIONAL,"All unresolved group employment allowed exposure [0,1]; envelope spans all rated O*NET children; primary assumes equal internal shares"
State,10,25-34,2018,available_child_SOC_diagnostic,0.3078984809742679,0.4650564567295113,PROVISIONAL,"All unresolved group employment allowed exposure [0,1]; envelope spans all rated O*NET children; primary assumes equal internal shares"
State,10,25-34,2019,equal_soc_primary,0.2675691317865107,0.4488330435255991,PROVISIONAL,"All unresolved group employment allowed exposure [0,1]; envelope spans all rated O*NET children; primary assumes equal internal shares"
State,10,25-34,2019,equal_onet_children,0.2676172974667809,0.4488812092058692,PROVISIONAL,"All unresolved group employment allowed exposure [0,1]; envelope spans all rated O*NET children; primary assumes equal internal shares"
State,10,25-34,2019,member_heterogeneity_envelope,0.25582793264541387,0.4609423004653519,PROVISIONAL,"All unresolved group employment allowed exposure [0,1]; envelope spans all rated O*NET children; primary assumes equal internal shares"
State,10,25-34,2019,available_child_SOC_diagnostic,0.3030411913985324,0.41133500732807854,PROVISIONAL,"All unresolved group employment allowed exposure [0,1]; envelope spans all rated O*NET children; primary assumes equal internal shares"
State,10,25-34,pooled,equal_soc_primary,0.28210485961524173,0.4522202139890536,PROVISIONAL,"All unresolved group employment allowed exposure [0,1]; envelope spans all rated O*NET children; primary assumes equal internal shares"
State,10,25-34,pooled,equal_onet_children,0.2821134500710134,0.45222880444482527,PROVISIONAL,"All unresolved group employment allowed exposure [0,1]; envelope spans all rated O*NET children; primary assumes equal internal shares"
State,10,25-34,pooled,member_heterogeneity_envelope,0.2687072210260751,0.46597402634820817,PROVISIONAL,"All unresolved group employment allowed exposure [0,1]; envelope spans all rated O*NET children; primary assumes equal internal shares"
State,10,25-34,pooled,available_child_SOC_diagnostic,0.3104561424622662,0.4220284056573534,PROVISIONAL,"All unresolved group employment allowed exposure [0,1]; envelope spans all rated O*NET children; primary assumes equal internal shares"
CZ_allocated_sample,19800,22-34,2015,equal_soc_primary,0.31212169888984337,0.47437543210605615,PROVISIONAL,"All unresolved group employment allowed exposure [0,1]; envelope spans all rated O*NET children; primary assumes equal internal shares"
CZ_allocated_sample,19800,22-34,2015,equal_onet_children,0.31236232125901114,0.474616054475224,PROVISIONAL,"All unresolved group employment allowed exposure [0,1]; envelope spans all rated O*NET children; primary assumes equal internal shares"
CZ_allocated_sample,19800,22-34,2015,member_heterogeneity_envelope,0.3003513417871558,0.48729565291321947,PROVISIONAL,"All unresolved group employment allowed exposure [0,1]; envelope spans all rated O*NET children; primary assumes equal internal shares"
CZ_allocated_sample,19800,22-34,2015,available_child_SOC_diagnostic,0.34804509630814234,0.43939909304549957,PROVISIONAL,"All unresolved group employment allowed exposure [0,1]; envelope spans all rated O*NET children; primary assumes equal internal shares"
CZ_allocated_sample,19800,22-34,2016,equal_soc_primary,0.30166594970272637,0.45377283562256193,PROVISIONAL,"All unresolved group employment allowed exposure [0,1]; envelope spans all rated O*NET children; primary assumes equal internal shares"
CZ_allocated_sample,19800,22-34,2016,equal_onet_children,0.3018343523818505,0.4539412383016861,PROVISIONAL,"All unresolved group employment allowed exposure [0,1]; envelope spans all rated O*NET children; primary assumes equal internal shares"
CZ_allocated_sample,19800,22-34,2016,member_heterogeneity_envelope,0.2846990574150932,0.4711996178879944,PROVISIONAL,"All unresolved group employment allowed exposure [0,1]; envelope spans all rated O*NET children; primary assumes equal internal shares"
CZ_allocated_sample,19800,22-34,2016,available_child_SOC_diagnostic,0.331397759322124,0.4219082081059541,PROVISIONAL,"All unresolved group employment allowed exposure [0,1]; envelope spans all rated O*NET children; primary assumes equal internal shares"
CZ_allocated_sample,19800,22-34,2017,equal_soc_primary,0.28490512902140097,0.4667233108395828,PROVISIONAL,"All unresolved group employment allowed exposure [0,1]; envelope spans all rated O*NET children; primary assumes equal internal shares"
CZ_allocated_sample,19800,22-34,2017,equal_onet_children,0.2849507558771634,0.4667689376953452,PROVISIONAL,"All unresolved group employment allowed exposure [0,1]; envelope spans all rated O*NET children; primary assumes equal internal shares"
CZ_allocated_sample,19800,22-34,2017,member_heterogeneity_envelope,0.2672311541659527,0.48405497676931913,PROVISIONAL,"All unresolved group employment allowed exposure [0,1]; envelope spans all rated O*NET children; primary assumes equal internal shares"
CZ_allocated_sample,19800,22-34,2017,available_child_SOC_diagnostic,0.30728479912569895,0.4449717119217822,PROVISIONAL,"All unresolved group employment allowed exposure [0,1]; envelope spans all rated O*NET children; primary assumes equal internal shares"
CZ_allocated_sample,19800,22-34,2018,equal_soc_primary,0.294866527617824,0.5235593380753404,PROVISIONAL,"All unresolved group employment allowed exposure [0,1]; envelope spans all rated O*NET children; primary assumes equal internal shares"
CZ_allocated_sample,19800,22-34,2018,equal_onet_children,0.2945495128871611,0.5232423233446775,PROVISIONAL,"All unresolved group employment allowed exposure [0,1]; envelope spans all rated O*NET children; primary assumes equal internal shares"
CZ_allocated_sample,19800,22-34,2018,member_heterogeneity_envelope,0.2817592114351543,0.5361053153845953,PROVISIONAL,"All unresolved group employment allowed exposure [0,1]; envelope spans all rated O*NET children; primary assumes equal internal shares"
CZ_allocated_sample,19800,22-34,2018,available_child_SOC_diagnostic,0.3290493273991556,0.49225194177824044,PROVISIONAL,"All unresolved group employment allowed exposure [0,1]; envelope spans all rated O*NET children; primary assumes equal internal shares"
CZ_allocated_sample,19800,22-34,2019,equal_soc_primary,0.26498636519686225,0.45782879568089935,PROVISIONAL,"All unresolved group employment allowed exposure [0,1]; envelope spans all rated O*NET children; primary assumes equal internal shares"
CZ_allocated_sample,19800,22-34,2019,equal_onet_children,0.2650464728583632,0.45788890334240023,PROVISIONAL,"All unresolved group employment allowed exposure [0,1]; envelope spans all rated O*NET children; primary assumes equal internal shares"
CZ_allocated_sample,19800,22-34,2019,member_heterogeneity_envelope,0.2537662402430281,0.46921518584860983,PROVISIONAL,"All unresolved group employment allowed exposure [0,1]; envelope spans all rated O*NET children; primary assumes equal internal shares"
CZ_allocated_sample,19800,22-34,2019,available_child_SOC_diagnostic,0.3053182608270468,0.41795986741818997,PROVISIONAL,"All unresolved group employment allowed exposure [0,1]; envelope spans all rated O*NET children; primary assumes equal internal shares"
CZ_allocated_sample,19800,22-34,pooled,equal_soc_primary,0.2917217203182175,0.4754095986702696,PROVISIONAL,"All unresolved group employment allowed exposure [0,1]; envelope spans all rated O*NET children; primary assumes equal internal shares"
CZ_allocated_sample,19800,22-34,pooled,equal_onet_children,0.2917618075005919,0.47544968585264397,PROVISIONAL,"All unresolved group employment allowed exposure [0,1]; envelope spans all rated O*NET children; primary assumes equal internal shares"
CZ_allocated_sample,19800,22-34,pooled,member_heterogeneity_envelope,0.2776374140111493,0.48967511618040566,PROVISIONAL,"All unresolved group employment allowed exposure [0,1]; envelope spans all rated O*NET children; primary assumes equal internal shares"
CZ_allocated_sample,19800,22-34,pooled,available_child_SOC_diagnostic,0.3243344887840104,0.44338055130770854,PROVISIONAL,"All unresolved group employment allowed exposure [0,1]; envelope spans all rated O*NET children; primary assumes equal internal shares"
CZ_allocated_sample,19800,25-34,2015,equal_soc_primary,0.31519914450422,0.4747596180784675,PROVISIONAL,"All unresolved group employment allowed exposure [0,1]; envelope spans all rated O*NET children; primary assumes equal internal shares"
CZ_allocated_sample,19800,25-34,2015,equal_onet_children,0.31543989091036756,0.475000364484615,PROVISIONAL,"All unresolved group employment allowed exposure [0,1]; envelope spans all rated O*NET children; primary assumes equal internal shares"
CZ_allocated_sample,19800,25-34,2015,member_heterogeneity_envelope,0.3025914459041325,0.48871026126717704,PROVISIONAL,"All unresolved group employment allowed exposure [0,1]; envelope spans all rated O*NET children; primary assumes equal internal shares"
CZ_allocated_sample,19800,25-34,2015,available_child_SOC_diagnostic,0.35549375280487366,0.43612518513482784,PROVISIONAL,"All unresolved group employment allowed exposure [0,1]; envelope spans all rated O*NET children; primary assumes equal internal shares"
CZ_allocated_sample,19800,25-34,2016,equal_soc_primary,0.29765864967310646,0.4428344837578675,PROVISIONAL,"All unresolved group employment allowed exposure [0,1]; envelope spans all rated O*NET children; primary assumes equal internal shares"
CZ_allocated_sample,19800,25-34,2016,equal_onet_children,0.2978768477256578,0.44305268181041885,PROVISIONAL,"All unresolved group employment allowed exposure [0,1]; envelope spans all rated O*NET children; primary assumes equal internal shares"
CZ_allocated_sample,19800,25-34,2016,member_heterogeneity_envelope,0.27941240282663393,0.4616454961459219,PROVISIONAL,"All unresolved group employment allowed exposure [0,1]; envelope spans all rated O*NET children; primary assumes equal internal shares"
CZ_allocated_sample,19800,25-34,2016,available_child_SOC_diagnostic,0.33063373631547477,0.40809910232908236,PROVISIONAL,"All unresolved group employment allowed exposure [0,1]; envelope spans all rated O*NET children; primary assumes equal internal shares"
CZ_allocated_sample,19800,25-34,2017,equal_soc_primary,0.28306817594374867,0.45274090915194254,PROVISIONAL,"All unresolved group employment allowed exposure [0,1]; envelope spans all rated O*NET children; primary assumes equal internal shares"
CZ_allocated_sample,19800,25-34,2017,equal_onet_children,0.2831605652633989,0.4528332984715928,PROVISIONAL,"All unresolved group employment allowed exposure [0,1]; envelope spans all rated O*NET children; primary assumes equal internal shares"
CZ_allocated_sample,19800,25-34,2017,member_heterogeneity_envelope,0.26361450230442435,0.4721038306791107,PROVISIONAL,"All unresolved group employment allowed exposure [0,1]; envelope spans all rated O*NET children; primary assumes equal internal shares"
CZ_allocated_sample,19800,25-34,2017,available_child_SOC_diagnostic,0.30867993642983055,0.42775281654082375,PROVISIONAL,"All unresolved group employment allowed exposure [0,1]; envelope spans all rated O*NET children; primary assumes equal internal shares"
CZ_allocated_sample,19800,25-34,2018,equal_soc_primary,0.2967351107053092,0.5375030908864659,PROVISIONAL,"All unresolved group employment allowed exposure [0,1]; envelope spans all rated O*NET children; primary assumes equal internal shares"
CZ_allocated_sample,19800,25-34,2018,equal_onet_children,0.29635961133400457,0.5371275915151612,PROVISIONAL,"All unresolved group employment allowed exposure [0,1]; envelope spans all rated O*NET children; primary assumes equal internal shares"
CZ_allocated_sample,19800,25-34,2018,member_heterogeneity_envelope,0.28492911030892576,0.5493005698629994,PROVISIONAL,"All unresolved group employment allowed exposure [0,1]; envelope spans all rated O*NET children; primary assumes equal internal shares"
CZ_allocated_sample,19800,25-34,2018,available_child_SOC_diagnostic,0.3294473339277846,0.504023473898366,PROVISIONAL,"All unresolved group employment allowed exposure [0,1]; envelope spans all rated O*NET children; primary assumes equal internal shares"
CZ_allocated_sample,19800,25-34,2019,equal_soc_primary,0.2687660610632989,0.4678415859771191,PROVISIONAL,"All unresolved group employment allowed exposure [0,1]; envelope spans all rated O*NET children; primary assumes equal internal shares"
CZ_allocated_sample,19800,25-34,2019,equal_onet_children,0.2688260094991675,0.46790153441298765,PROVISIONAL,"All unresolved group employment allowed exposure [0,1]; envelope spans all rated O*NET children; primary assumes equal internal shares"
CZ_allocated_sample,19800,25-34,2019,member_heterogeneity_envelope,0.257090587336803,0.4796869659911964,PROVISIONAL,"All unresolved group employment allowed exposure [0,1]; envelope spans all rated O*NET children; primary assumes equal internal shares"
CZ_allocated_sample,19800,25-34,2019,available_child_SOC_diagnostic,0.3130779115042204,0.4239365764995196,PROVISIONAL,"All unresolved group employment allowed exposure [0,1]; envelope spans all rated O*NET children; primary assumes equal internal shares"
CZ_allocated_sample,19800,25-34,pooled,equal_soc_primary,0.29238055379379346,0.4757572348392134,PROVISIONAL,"All unresolved group employment allowed exposure [0,1]; envelope spans all rated O*NET children; primary assumes equal internal shares"
CZ_allocated_sample,19800,25-34,pooled,equal_onet_children,0.29242527383058103,0.47580195487600097,PROVISIONAL,"All unresolved group employment allowed exposure [0,1]; envelope spans all rated O*NET children; primary assumes equal internal shares"
CZ_allocated_sample,19800,25-34,pooled,member_heterogeneity_envelope,0.27770463126212686,0.4908326605871442,PROVISIONAL,"All unresolved group employment allowed exposure [0,1]; envelope spans all rated O*NET children; primary assumes equal internal shares"
CZ_allocated_sample,19800,25-34,pooled,available_child_SOC_diagnostic,0.32766587878504244,0.44051794678808737,PROVISIONAL,"All unresolved group employment allowed exposure [0,1]; envelope spans all rated O*NET children; primary assumes equal internal shares"
CZ_allocated_sample,19901,22-34,2015,equal_soc_primary,0.22529522082066997,0.40494092287750033,PROVISIONAL,"All unresolved group employment allowed exposure [0,1]; envelope spans all rated O*NET children; primary assumes equal internal shares"
CZ_allocated_sample,19901,22-34,2015,equal_onet_children,0.2250576939399863,0.4047033959968166,PROVISIONAL,"All unresolved group employment allowed exposure [0,1]; envelope spans all rated O*NET children; primary assumes equal internal shares"
CZ_allocated_sample,19901,22-34,2015,member_heterogeneity_envelope,0.21361300921183923,0.415690436477385,PROVISIONAL,"All unresolved group employment allowed exposure [0,1]; envelope spans all rated O*NET children; primary assumes equal internal shares"
CZ_allocated_sample,19901,22-34,2015,available_child_SOC_diagnostic,0.2547715649276564,0.36831335544008054,PROVISIONAL,"All unresolved group employment allowed exposure [0,1]; envelope spans all rated O*NET children; primary assumes equal internal shares"
CZ_allocated_sample,19901,22-34,2016,equal_soc_primary,0.24718633375666899,0.3974420882323723,PROVISIONAL,"All unresolved group employment allowed exposure [0,1]; envelope spans all rated O*NET children; primary assumes equal internal shares"
CZ_allocated_sample,19901,22-34,2016,equal_onet_children,0.24725906738888093,0.39751482186458426,PROVISIONAL,"All unresolved group employment allowed exposure [0,1]; envelope spans all rated O*NET children; primary assumes equal internal shares"
CZ_allocated_sample,19901,22-34,2016,member_heterogeneity_envelope,0.2362352725125294,0.40860372688908736,PROVISIONAL,"All unresolved group employment allowed exposure [0,1]; envelope spans all rated O*NET children; primary assumes equal internal shares"
CZ_allocated_sample,19901,22-34,2016,available_child_SOC_diagnostic,0.2661504039478508,0.37271476882423615,PROVISIONAL,"All unresolved group employment allowed exposure [0,1]; envelope spans all rated O*NET children; primary assumes equal internal shares"
CZ_allocated_sample,19901,22-34,2017,equal_soc_primary,0.2964630013623611,0.4270652048065797,PROVISIONAL,"All unresolved group employment allowed exposure [0,1]; envelope spans all rated O*NET children; primary assumes equal internal shares"
CZ_allocated_sample,19901,22-34,2017,equal_onet_children,0.2965561105031901,0.4271583139474087,PROVISIONAL,"All unresolved group employment allowed exposure [0,1]; envelope spans all rated O*NET children; primary assumes equal internal shares"
CZ_allocated_sample,19901,22-34,2017,member_heterogeneity_envelope,0.2856597437580568,0.43842789230233303,PROVISIONAL,"All unresolved group employment allowed exposure [0,1]; envelope spans all rated O*NET children; primary assumes equal internal shares"
CZ_allocated_sample,19901,22-34,2017,available_child_SOC_diagnostic,0.30672877766597023,0.413050309380592,PROVISIONAL,"All unresolved group employment allowed exposure [0,1]; envelope spans all rated O*NET children; primary assumes equal internal shares"
CZ_allocated_sample,19901,22-34,2018,equal_soc_primary,0.2633955269986331,0.4034718628764957,PROVISIONAL,"All unresolved group employment allowed exposure [0,1]; envelope spans all rated O*NET children; primary assumes equal internal shares"
CZ_allocated_sample,19901,22-34,2018,equal_onet_children,0.26328065396127287,0.4033569898391355,PROVISIONAL,"All unresolved group employment allowed exposure [0,1]; envelope spans all rated O*NET children; primary assumes equal internal shares"
CZ_allocated_sample,19901,22-34,2018,member_heterogeneity_envelope,0.25265408108876497,0.41474473059396005,PROVISIONAL,"All unresolved group employment allowed exposure [0,1]; envelope spans all rated O*NET children; primary assumes equal internal shares"
CZ_allocated_sample,19901,22-34,2018,available_child_SOC_diagnostic,0.27203680583673484,0.3939833707222311,PROVISIONAL,"All unresolved group employment allowed exposure [0,1]; envelope spans all rated O*NET children; primary assumes equal internal shares"
CZ_allocated_sample,19901,22-34,2019,equal_soc_primary,0.265918419948838,0.40938894042218604,PROVISIONAL,"All unresolved group employment allowed exposure [0,1]; envelope spans all rated O*NET children; primary assumes equal internal shares"
CZ_allocated_sample,19901,22-34,2019,equal_onet_children,0.2659937469374886,0.4094642674108366,PROVISIONAL,"All unresolved group employment allowed exposure [0,1]; envelope spans all rated O*NET children; primary assumes equal internal shares"
CZ_allocated_sample,19901,22-34,2019,member_heterogeneity_envelope,0.2546768557770919,0.42144313549400947,PROVISIONAL,"All unresolved group employment allowed exposure [0,1]; envelope spans all rated O*NET children; primary assumes equal internal shares"
CZ_allocated_sample,19901,22-34,2019,available_child_SOC_diagnostic,0.28445928461889064,0.38583115601903734,PROVISIONAL,"All unresolved group employment allowed exposure [0,1]; envelope spans all rated O*NET children; primary assumes equal internal shares"
CZ_allocated_sample,19901,22-34,pooled,equal_soc_primary,0.26044193443429675,0.4084079319328658,PROVISIONAL,"All unresolved group employment allowed exposure [0,1]; envelope spans all rated O*NET children; primary assumes equal internal shares"
CZ_allocated_sample,19901,22-34,pooled,equal_onet_children,0.26042223246817087,0.40838822996673996,PROVISIONAL,"All unresolved group employment allowed exposure [0,1]; envelope spans all rated O*NET children; primary assumes equal internal shares"
CZ_allocated_sample,19901,22-34,pooled,member_heterogeneity_envelope,0.24937756402514435,0.41974131975770024,PROVISIONAL,"All unresolved group employment allowed exposure [0,1]; envelope spans all rated O*NET children; primary assumes equal internal shares"
CZ_allocated_sample,19901,22-34,pooled,available_child_SOC_diagnostic,0.2771774913541024,0.3873040467989543,PROVISIONAL,"All unresolved group employment allowed exposure [0,1]; envelope spans all rated O*NET children; primary assumes equal internal shares"
CZ_allocated_sample,19901,25-34,2015,equal_soc_primary,0.23696888937413985,0.41751387338997176,PROVISIONAL,"All unresolved group employment allowed exposure [0,1]; envelope spans all rated O*NET children; primary assumes equal internal shares"
CZ_allocated_sample,19901,25-34,2015,equal_onet_children,0.23666475806139353,0.41720974207722544,PROVISIONAL,"All unresolved group employment allowed exposure [0,1]; envelope spans all rated O*NET children; primary assumes equal internal shares"
CZ_allocated_sample,19901,25-34,2015,member_heterogeneity_envelope,0.225482293469627,0.4284785085058598,PROVISIONAL,"All unresolved group employment allowed exposure [0,1]; envelope spans all rated O*NET children; primary assumes equal internal shares"
CZ_allocated_sample,19901,25-34,2015,available_child_SOC_diagnostic,0.25916686590620014,0.3847567578227782,PROVISIONAL,"All unresolved group employment allowed exposure [0,1]; envelope spans all rated O*NET children; primary assumes equal internal shares"
CZ_allocated_sample,19901,25-34,2016,equal_soc_primary,0.25030715854146274,0.39632546205191216,PROVISIONAL,"All unresolved group employment allowed exposure [0,1]; envelope spans all rated O*NET children; primary assumes equal internal shares"
CZ_allocated_sample,19901,25-34,2016,equal_onet_children,0.250400387936993,0.3964186914474424,PROVISIONAL,"All unresolved group employment allowed exposure [0,1]; envelope spans all rated O*NET children; primary assumes equal internal shares"
CZ_allocated_sample,19901,25-34,2016,member_heterogeneity_envelope,0.23818513405451533,0.4087127233855087,PROVISIONAL,"All unresolved group employment allowed exposure [0,1]; envelope spans all rated O*NET children; primary assumes equal internal shares"
CZ_allocated_sample,19901,25-34,2016,available_child_SOC_diagnostic,0.27326878526148524,0.36765479810126117,PROVISIONAL,"All unresolved group employment allowed exposure [0,1]; envelope spans all rated O*NET children; primary assumes equal internal shares"
CZ_allocated_sample,19901,25-34,2017,equal_soc_primary,0.3003112498244941,0.42321555727871124,PROVISIONAL,"All unresolved group employment allowed exposure [0,1]; envelope spans all rated O*NET children; primary assumes equal internal shares"
CZ_allocated_sample,19901,25-34,2017,equal_onet_children,0.300390886291754,0.4232951937459712,PROVISIONAL,"All unresolved group employment allowed exposure [0,1]; envelope spans all rated O*NET children; primary assumes equal internal shares"
CZ_allocated_sample,19901,25-34,2017,member_heterogeneity_envelope,0.2903185137247432,0.4337184629175346,PROVISIONAL,"All unresolved group employment allowed exposure [0,1]; envelope spans all rated O*NET children; primary assumes equal internal shares"
CZ_allocated_sample,19901,25-34,2017,available_child_SOC_diagnostic,0.3116387955576975,0.4074603070356445,PROVISIONAL,"All unresolved group employment allowed exposure [0,1]; envelope spans all rated O*NET children; primary assumes equal internal shares"
CZ_allocated_sample,19901,25-34,2018,equal_soc_primary,0.26562811750638565,0.4074144216608768,PROVISIONAL,"All unresolved group employment allowed exposure [0,1]; envelope spans all rated O*NET children; primary assumes equal internal shares"
CZ_allocated_sample,19901,25-34,2018,equal_onet_children,0.26543892135998154,0.4072252255144727,PROVISIONAL,"All unresolved group employment allowed exposure [0,1]; envelope spans all rated O*NET children; primary assumes equal internal shares"
CZ_allocated_sample,19901,25-34,2018,member_heterogeneity_envelope,0.25477897120674103,0.41860511041193743,PROVISIONAL,"All unresolved group employment allowed exposure [0,1]; envelope spans all rated O*NET children; primary assumes equal internal shares"
CZ_allocated_sample,19901,25-34,2018,available_child_SOC_diagnostic,0.2725349269658097,0.4011081705180901,PROVISIONAL,"All unresolved group employment allowed exposure [0,1]; envelope spans all rated O*NET children; primary assumes equal internal shares"
CZ_allocated_sample,19901,25-34,2019,equal_soc_primary,0.26563574716376653,0.418128786900542,PROVISIONAL,"All unresolved group employment allowed exposure [0,1]; envelope spans all rated O*NET children; primary assumes equal internal shares"
CZ_allocated_sample,19901,25-34,2019,equal_onet_children,0.2656648803089242,0.41815792004569974,PROVISIONAL,"All unresolved group employment allowed exposure [0,1]; envelope spans all rated O*NET children; primary assumes equal internal shares"
CZ_allocated_sample,19901,25-34,2019,member_heterogeneity_envelope,0.25378838259721204,0.4306642808789332,PROVISIONAL,"All unresolved group employment allowed exposure [0,1]; envelope spans all rated O*NET children; primary assumes equal internal shares"
CZ_allocated_sample,19901,25-34,2019,available_child_SOC_diagnostic,0.2868290051888384,0.3909798530754494,PROVISIONAL,"All unresolved group employment allowed exposure [0,1]; envelope spans all rated O*NET children; primary assumes equal internal shares"
CZ_allocated_sample,19901,25-34,pooled,equal_soc_primary,0.26478802042121885,0.41255507817571546,PROVISIONAL,"All unresolved group employment allowed exposure [0,1]; envelope spans all rated O*NET children; primary assumes equal internal shares"
CZ_allocated_sample,19901,25-34,pooled,equal_onet_children,0.2647357244654519,0.41250278221994857,PROVISIONAL,"All unresolved group employment allowed exposure [0,1]; envelope spans all rated O*NET children; primary assumes equal internal shares"
CZ_allocated_sample,19901,25-34,pooled,member_heterogeneity_envelope,0.25354457570858635,0.42408167686614523,PROVISIONAL,"All unresolved group employment allowed exposure [0,1]; envelope spans all rated O*NET children; primary assumes equal internal shares"
CZ_allocated_sample,19901,25-34,pooled,available_child_SOC_diagnostic,0.2814538939236614,0.39086940024431777,PROVISIONAL,"All unresolved group employment allowed exposure [0,1]; envelope spans all rated O*NET children; primary assumes equal internal shares"
