occp,socp,label,soc_members,excel_rows,n_members,n_scored_members,mapping_status,beta_equal_member_mean,beta_min,beta_max,n_onet_children
0010,1110XX,Chief executives and legislators,"['11-1011', '11-1031']","[17, 19, 20]",2,2,covered,0.4538888888888889,0.4,0.5077777777777778,3
0020,111021,General and operations managers,['11-1021'],[21],1,1,covered,0.4807692307692308,0.4807692307692308,0.4807692307692308,1
0040,112011,Advertising and promotions managers,['11-2011'],[22],1,1,covered,0.4767441860465116,0.4767441860465116,0.4767441860465116,1
0051,112021,Marketing managers,['11-2021'],[23],1,1,covered,0.5,0.5,0.5,1
0052,112022,Sales managers,['11-2022'],[24],1,1,covered,0.45,0.45,0.45,1
0060,112030,Public relations and fundraising managers,['11-2030'],[25],1,0,unresolved_group_or_unscored_member,,,,0
0101,113012,Administrative services managers,['11-3012'],[26],1,1,covered,0.3913043478260869,0.3913043478260869,0.3913043478260869,1
0102,113013,Facilities managers,['11-3013'],[27],1,1,covered,0.40016233766233766,0.40016233766233766,0.40016233766233766,2
0110,113021,Computer and information systems managers,['11-3021'],[28],1,1,covered,0.5303030303030303,0.5303030303030303,0.5303030303030303,1
0120,113031,Financial managers,['11-3031'],[29],1,1,covered,0.4850552306692657,0.4850552306692657,0.4850552306692657,3
0135,113111,Compensation and benefits managers,['11-3111'],[30],1,1,covered,0.513157894736842,0.513157894736842,0.513157894736842,1
0136,113121,Human resources managers,['11-3121'],[31],1,1,covered,0.48,0.48,0.48,1
0137,113131,Training and development managers,['11-3131'],[32],1,1,covered,0.5,0.5,0.5,1
0140,113051,Industrial production managers,['11-3051'],[33],1,1,covered,0.40571870150289957,0.40571870150289957,0.40571870150289957,6
0150,113061,Purchasing managers,['11-3061'],[34],1,1,covered,0.5857142857142857,0.5857142857142857,0.5857142857142857,1
0160,113071,"Transportation, storage, and distribution managers",['11-3071'],[35],1,1,covered,0.486525974025974,0.486525974025974,0.486525974025974,2
0205,119013,"Farmers, ranchers, and other agricultural managers",['11-9013'],[36],1,1,covered,0.3673469387755101,0.3673469387755101,0.3673469387755101,1
0220,119021,Construction managers,['11-9021'],[37],1,1,covered,0.4444444444444445,0.4444444444444445,0.4444444444444445,1
0230,119030,Education and childcare administrators,['11-9030'],[38],1,0,unresolved_group_or_unscored_member,,,,0
0300,119041,Architectural and engineering managers,['11-9041'],[39],1,1,covered,0.4426108374384236,0.4426108374384236,0.4426108374384236,2
0310,119051,Food service managers,['11-9051'],[40],1,1,covered,0.4166666666666666,0.4166666666666666,0.4166666666666666,1
0335,119070,Entertainment and recreation managers,['11-9070'],[41],1,0,unresolved_group_or_unscored_member,,,,0
0340,119081,Lodging managers,['11-9081'],[42],1,1,covered,0.4565217391304347,0.4565217391304347,0.4565217391304347,1
0350,119111,Medical and health services managers,['11-9111'],[43],1,1,covered,0.4285714285714285,0.4285714285714285,0.4285714285714285,1
0360,119121,Natural sciences managers,['11-9121'],[44],1,1,covered,0.5306967984934087,0.5306967984934087,0.5306967984934087,3
0410,119141,"Property, real estate, and community association managers",['11-9141'],[45],1,1,covered,0.4431818181818182,0.4431818181818182,0.4431818181818182,1
0420,119151,Social and community service managers,['11-9151'],[46],1,1,covered,0.3928571428571428,0.3928571428571428,0.3928571428571428,1
0425,119161,Emergency management directors,['11-9161'],[47],1,1,covered,0.4222222222222222,0.4222222222222222,0.4222222222222222,1
0440,1191XX,Other managers,"['11-9131', '11-9171', '11-9179', '11-9199']","[48, 50, 51, 52, 53]",4,4,covered,0.4739426174077801,0.4285714285714285,0.5238095238095237,10
0500,131011,"Agents and business managers of artists, performers, and athletes",['13-1011'],[57],1,1,covered,0.5434782608695652,0.5434782608695652,0.5434782608695652,1
0510,131021,"Buyers and purchasing agents, farm products",['13-1021'],[58],1,1,covered,0.5277777777777778,0.5277777777777778,0.5277777777777778,1
0520,131022,"Wholesale and retail buyers, except farm products",['13-1022'],[59],1,1,covered,0.4666666666666667,0.4666666666666667,0.4666666666666667,1
0530,131023,"Purchasing agents, except wholesale, retail, and farm products",['13-1023'],[60],1,1,covered,0.4736842105263157,0.4736842105263157,0.4736842105263157,1
0540,131030,"Claims adjusters, appraisers, examiners, and investigators",['13-1030'],[61],1,0,unresolved_group_or_unscored_member,,,,0
0565,131041,Compliance officers,['13-1041'],[62],1,1,covered,0.5263042749310427,0.5263042749310427,0.5263042749310427,7
0600,131051,Cost estimators,['13-1051'],[63],1,1,covered,0.5,0.5,0.5,1
0630,131070,Human resources workers,['13-1070'],[64],1,0,unresolved_group_or_unscored_member,,,,0
0640,131141,"Compensation, benefits, and job analysis specialists",['13-1141'],[65],1,1,covered,0.4736842105263157,0.4736842105263157,0.4736842105263157,1
0650,131151,Training and development specialists,['13-1151'],[66],1,1,covered,0.5526315789473684,0.5526315789473684,0.5526315789473684,1
0700,131081,Logisticians,['13-1081'],[67],1,1,covered,0.5278605318327264,0.5278605318327264,0.5278605318327264,3
0705,131082,Project management specialists,['13-1082'],[68],1,1,covered,0.55,0.55,0.55,1
0710,131111,Management analysts,['13-1111'],[69],1,1,covered,0.4047619047619047,0.4047619047619047,0.4047619047619047,1
0725,131121,"Meeting, convention, and event planners",['13-1121'],[70],1,1,covered,0.4864864864864865,0.4864864864864865,0.4864864864864865,1
0726,131131,Fundraisers,['13-1131'],[71],1,1,covered,0.5192307692307693,0.5192307692307693,0.5192307692307693,1
0735,131161,Market research analysts and marketing specialists,['13-1161'],[72],1,1,covered,0.5245901639344263,0.5245901639344263,0.5245901639344263,2
0750,131199,"Business operations specialists, all other",['13-1199'],[73],1,1,covered,0.5828407660281357,0.5828407660281357,0.5828407660281357,4
0800,132011,Accountants and auditors,['13-2011'],[74],1,1,covered,0.56,0.56,0.56,1
0810,132020,Property appraisers and assessors,['13-2020'],[75],1,0,unresolved_group_or_unscored_member,,,,0
0820,132031,Budget analysts,['13-2031'],[76],1,1,covered,0.52,0.52,0.52,1
0830,132041,Credit analysts,['13-2041'],[77],1,1,covered,0.5555555555555556,0.5555555555555556,0.5555555555555556,1
0845,132051,Financial and investment analysts,['13-2051'],[78],1,1,covered,0.4615384615384615,0.4615384615384615,0.4615384615384615,1
0850,132052,Personal financial advisors,['13-2052'],[79],1,1,covered,0.5,0.5,0.5,1
0860,132053,Insurance underwriters,['13-2053'],[80],1,1,covered,0.5714285714285714,0.5714285714285714,0.5714285714285714,1
0900,132061,Financial examiners,['13-2061'],[81],1,1,covered,0.5,0.5,0.5,1
0910,132070,Credit counselors and loan officers,['13-2070'],[82],1,0,unresolved_group_or_unscored_member,,,,0
0930,132081,"Tax examiners and collectors, and revenue agents",['13-2081'],[83],1,1,covered,0.5806451612903225,0.5806451612903225,0.5806451612903225,1
0940,132082,Tax preparers,['13-2082'],[84],1,1,covered,0.625,0.625,0.625,1
0960,1320XX,Other financial specialists,"['13-2054', '13-2099']","[85, 87, 88]",2,2,covered,0.5582821457821459,0.5333333333333333,0.5832309582309583,3
1005,151221,Computer and information research scientists,['15-1221'],[94],1,1,covered,0.6346153846153847,0.6346153846153847,0.6346153846153847,1
1006,151211,Computer systems analysts,['15-1211'],[95],1,1,covered,0.6174242424242424,0.6174242424242424,0.6174242424242424,2
1007,151212,Information security analysts,['15-1212'],[96],1,1,covered,0.6521739130434783,0.6521739130434783,0.6521739130434783,1
1010,151251,Computer programmers,['15-1251'],[97],1,1,covered,0.95,0.95,0.95,1
1021,151252,Software developers,['15-1252'],[98],1,1,covered,0.8684210526315789,0.8684210526315789,0.8684210526315789,1
1022,151253,Software quality assurance analysts and testers,['15-1253'],[99],1,1,covered,0.8771929824561403,0.8771929824561403,0.8771929824561403,1
1031,151254,Web developers,['15-1254'],[100],1,1,covered,0.9326923076923076,0.9326923076923076,0.9326923076923076,1
1032,151255,Web and digital interface designers,['15-1255'],[101],1,1,covered,0.75,0.75,0.75,2
1050,151230,Computer support specialists,['15-1230'],[102],1,0,unresolved_group_or_unscored_member,,,,0
1065,15124X,Database administrators and architects,"['15-1242', '15-1243']","[103, 105, 106]",2,2,covered,0.9233652417169333,0.9112466124661247,0.935483870967742,3
1105,151244,Network and computer systems administrators,['15-1244'],[107],1,1,covered,0.7297297297297298,0.7297297297297298,0.7297297297297298,1
1106,151241,Computer network architects,['15-1241'],[108],1,1,covered,0.6352227393617021,0.6352227393617021,0.6352227393617021,2
1108,151299,"Computer occupations, all other",['15-1299'],[109],1,1,covered,0.7357861863332168,0.7357861863332168,0.7357861863332168,9
1200,152011,Actuaries,['15-2011'],[110],1,1,covered,0.5,0.5,0.5,1
1220,152031,Operations research analysts,['15-2031'],[111],1,1,covered,0.6290322580645161,0.6290322580645161,0.6290322580645161,1
1240,1520XX,Other mathematical science occupations,"['15-2021', '15-2041', '15-2051', '15-2099']","[112, 114, 115, 118, 119]",4,4,covered,0.8215566852737906,0.6948232323232323,1.0,7
1305,171011,"Architects, except landscape and naval",['17-1011'],[123],1,1,covered,0.4883720930232558,0.4883720930232558,0.4883720930232558,1
1306,171012,Landscape architects,['17-1012'],[124],1,1,covered,0.4210526315789473,0.4210526315789473,0.4210526315789473,1
1310,171020,"Surveyors, cartographers, and photogrammetrists",['17-1020'],[125],1,0,unresolved_group_or_unscored_member,,,,0
1320,172011,Aerospace engineers,['17-2011'],[126],1,1,covered,0.5714285714285714,0.5714285714285714,0.5714285714285714,1
1340,1720XX,Biomedical and agricultural engineers,"['17-2021', '17-2031']","[127, 129, 130]",2,2,covered,0.5078347578347578,0.4259259259259259,0.5897435897435898,2
1350,172041,Chemical engineers,['17-2041'],[131],1,1,covered,0.4615384615384615,0.4615384615384615,0.4615384615384615,1
1360,172051,Civil engineers,['17-2051'],[132],1,1,covered,0.48214285714285715,0.48214285714285715,0.48214285714285715,3
1400,172061,Computer hardware engineers,['17-2061'],[133],1,1,covered,0.7272727272727273,0.7272727272727273,0.7272727272727273,1
1410,172070,Electrical and electronics engineers,['17-2070'],[134],1,0,unresolved_group_or_unscored_member,,,,0
1420,172081,Environmental engineers,['17-2081'],[135],1,1,covered,0.5555555555555556,0.5555555555555556,0.5555555555555556,1
1430,172110,"Industrial engineers, including health and safety",['17-2110'],[136],1,0,unresolved_group_or_unscored_member,,,,0
1440,172121,Marine engineers and naval architects,['17-2121'],[137],1,1,covered,0.4210526315789473,0.4210526315789473,0.4210526315789473,1
1450,172131,Materials engineers,['17-2131'],[138],1,1,covered,0.4878048780487805,0.4878048780487805,0.4878048780487805,1
1460,172141,Mechanical engineers,['17-2141'],[139],1,1,covered,0.5312935096519228,0.5312935096519228,0.5312935096519228,3
1520,1721XX,"Petroleum, mining and geological engineers, including mining safety engineers","['17-2151', '17-2171']","[140, 142, 143]",2,2,covered,0.5046296296296295,0.4814814814814814,0.5277777777777778,2
1530,1721YY,Other engineers,"['17-2161', '17-2199']","[144, 146, 147]",2,2,covered,0.5363248100138345,0.5226496200276688,0.55,9
1541,173011,Architectural and civil drafters,['17-3011'],[148],1,1,covered,0.54,0.54,0.54,1
1545,17301X,Other drafters,"['17-3012', '17-3013', '17-3019']","[149, 151, 152, 153]",3,2,unresolved_group_or_unscored_member,,0.5,0.5744680851063829,2
1551,173023,Electrical and electronic engineering technologists and technicians,['17-3023'],[154],1,1,covered,0.4056603773584905,0.4056603773584905,0.4056603773584905,1
1555,17302X,"Other engineering technologists and technicians, except drafters","['17-3021', '17-3022', '17-3024', '17-3025', '17-3026', '17-3027', '17-3028', '17-3029']","[155, 157, 158, 159, 160, 161, 162, 163, 164]",8,8,covered,0.3972061122887828,0.26877394636015317,0.5909090909090909,12
1560,173031,Surveying and mapping technicians,['17-3031'],[165],1,1,covered,0.5,0.5,0.5,1
1600,191010,Agricultural and food scientists,['19-1010'],[169],1,0,unresolved_group_or_unscored_member,,,,0
1610,191020,Biological scientists,['19-1020'],[170],1,0,unresolved_group_or_unscored_member,,,,0
1640,191030,Conservation scientists and foresters,['19-1030'],[171],1,0,unresolved_group_or_unscored_member,,,,0
1650,1910XX,Other life scientists,"['19-1040', '19-1099']","[172, 174, 175]",2,0,unresolved_group_or_unscored_member,,,,0
1700,192010,Astronomers and physicists,['19-2010'],[176],1,0,unresolved_group_or_unscored_member,,,,0
1710,192021,Atmospheric and space scientists,['19-2021'],[177],1,1,covered,0.5652173913043478,0.5652173913043478,0.5652173913043478,1
1720,192030,Chemists and materials scientists,['19-2030'],[178],1,0,unresolved_group_or_unscored_member,,,,0
1745,192041,"Environmental scientists and specialists, including health",['19-2041'],[179],1,1,covered,0.5217162952137376,0.5217162952137376,0.5217162952137376,4
1750,19204X,"Geoscientists and hydrologists, except geographers","['19-2042', '19-2043']","[180, 182, 183]",2,2,covered,0.48333333333333334,0.4666666666666667,0.5,2
1760,192099,"Physical scientists, all other",['19-2099'],[184],1,1,covered,0.4565217391304347,0.4565217391304347,0.4565217391304347,1
1800,193011,Economists,['19-3011'],[185],1,1,covered,0.5526315789473684,0.5526315789473684,0.5526315789473684,2
1821,193033,Clinical and counseling psychologists,['19-3033'],[186],1,1,covered,0.3703703703703703,0.3703703703703703,0.3703703703703703,1
1822,193034,School psychologists,['19-3034'],[187],1,1,covered,0.3918918918918919,0.3918918918918919,0.3918918918918919,1
1825,19303X,Other psychologists,"['19-3032', '19-3039']","[188, 190, 191]",2,2,covered,0.4716269841269841,0.4543650793650793,0.4888888888888889,3
1840,193051,Urban and regional planners,['19-3051'],[192],1,1,covered,0.4772727272727273,0.4772727272727273,0.4772727272727273,1
1860,1930XX,Other social scientists,"['19-3022', '19-3041', '19-3090']","[193, 195, 196, 197]",3,2,unresolved_group_or_unscored_member,,0.5384615384615385,0.625,2
1900,194010,Agricultural and food science technicians,['19-4010'],[198],1,0,unresolved_group_or_unscored_member,,,,0
1910,194021,Biological technicians,['19-4021'],[199],1,1,covered,0.4166666666666666,0.4166666666666666,0.4166666666666666,1
1920,194031,Chemical technicians,['19-4031'],[200],1,1,covered,0.3928571428571428,0.3928571428571428,0.3928571428571428,1
1935,1940XX,"Environmental science and geoscience technicians, and nuclear technicians","['19-4040', '19-4051']","[201, 203, 204]",2,1,unresolved_group_or_unscored_member,,0.18506493506493504,0.18506493506493504,2
1970,1940YY,"Other life, physical, and social science technicians","['19-4061', '19-4071', '19-4090']","[205, 207, 210, 211]",3,2,unresolved_group_or_unscored_member,,0.3269230769230769,0.6666666666666667,2
1980,195010,Occupational health and safety specialists and technicians,['19-5010'],[212],1,0,unresolved_group_or_unscored_member,,,,0
2001,211011,Substance abuse and behavioral disorder counselors,['21-1011'],[218],1,1,covered,0.2,0.2,0.2,1
2002,211012,"Educational, guidance, and career counselors and advisors",['21-1012'],[219],1,1,covered,0.2894736842105263,0.2894736842105263,0.2894736842105263,1
2003,211013,Marriage and family therapists,['21-1013'],[220],1,1,covered,0.1111111111111111,0.1111111111111111,0.1111111111111111,1
2004,211014,Mental health counselors,['21-1014'],[221],1,1,covered,0.2549019607843137,0.2549019607843137,0.2549019607843137,1
2005,211015,Rehabilitation counselors,['21-1015'],[222],1,1,covered,0.3548387096774194,0.3548387096774194,0.3548387096774194,1
2006,211019,"Counselors, all other",['21-1019'],[223],1,0,unresolved_group_or_unscored_member,,,,0
2011,211021,"Child, family, and school social workers",['21-1021'],[224],1,1,covered,0.2428571428571428,0.2428571428571428,0.2428571428571428,1
2012,211022,Healthcare social workers,['21-1022'],[225],1,1,covered,0.34375,0.34375,0.34375,1
2013,211023,Mental health and substance abuse social workers,['21-1023'],[226],1,1,covered,0.2708333333333333,0.2708333333333333,0.2708333333333333,1
2014,211029,"Social workers, all other",['21-1029'],[227],1,0,unresolved_group_or_unscored_member,,,,0
2015,211092,Probation officers and correctional treatment specialists,['21-1092'],[228],1,1,covered,0.3947368421052631,0.3947368421052631,0.3947368421052631,1
2016,211093,Social and human service assistants,['21-1093'],[229],1,1,covered,0.3928571428571428,0.3928571428571428,0.3928571428571428,1
2025,21109X,Other community and social service specialists,"['21-1091', '21-1094', '21-1099']","[230, 232, 233, 234]",3,2,unresolved_group_or_unscored_member,,0.3194444444444444,0.532258064516129,2
2040,212011,Clergy,['21-2011'],[235],1,1,covered,0.3333333333333333,0.3333333333333333,0.3333333333333333,1
2050,212021,"Directors, religious activities and education",['21-2021'],[236],1,1,covered,0.4393939393939394,0.4393939393939394,0.4393939393939394,1
2060,212099,"Religious workers, all other",['21-2099'],[237],1,0,unresolved_group_or_unscored_member,,,,0
2100,2310XX,"Lawyers, and judges, magistrates, and other judicial workers","['23-1011', '23-1020']","[241, 243, 244]",2,1,unresolved_group_or_unscored_member,,0.425,0.425,1
2105,231012,Judicial law clerks,['23-1012'],[245],1,1,covered,0.5172413793103449,0.5172413793103449,0.5172413793103449,1
2145,232011,Paralegals and legal assistants,['23-2011'],[246],1,1,covered,0.525,0.525,0.525,1
2170,232093,"Title examiners, abstractors, and searchers",['23-2093'],[247],1,1,covered,0.5714285714285714,0.5714285714285714,0.5714285714285714,1
2180,232099,"Legal support workers, all other",['23-2099'],[248],1,0,unresolved_group_or_unscored_member,,,,0
2205,251000,Postsecondary teachers,['25-1000'],[252],1,0,unresolved_group_or_unscored_member,,,,0
2300,252010,Preschool and kindergarten teachers,['25-2010'],[253],1,0,unresolved_group_or_unscored_member,,,,0
2310,252020,Elementary and middle school teachers,['25-2020'],[254],1,0,unresolved_group_or_unscored_member,,,,0
2320,252030,Secondary school teachers,['25-2030'],[255],1,0,unresolved_group_or_unscored_member,,,,0
2330,252050,Special education teachers,['25-2050'],[256],1,0,unresolved_group_or_unscored_member,,,,0
2350,253041,Tutors,['25-3041'],[257],1,1,covered,0.5428571428571428,0.5428571428571428,0.5428571428571428,1
2360,2530XX,Other teachers and instructors,"['25-3011', '25-3021', '25-3031', '25-3099']","[258, 260, 261, 262, 263]",4,3,unresolved_group_or_unscored_member,,0.36,0.4044117647058823,3
2400,254010,"Archivists, curators, and museum technicians",['25-4010'],[264],1,0,unresolved_group_or_unscored_member,,,,0
2435,254022,Librarians and media collections specialists,['25-4022'],[265],1,1,covered,0.5350877192982456,0.5350877192982456,0.5350877192982456,1
2440,254031,Library technicians,['25-4031'],[266],1,1,covered,0.5673076923076923,0.5673076923076923,0.5673076923076923,1
2545,259040,Teaching assistants,['25-9040'],[267],1,0,unresolved_group_or_unscored_member,,,,0
2555,2590XX,Other educational instruction and library workers,"['25-9021', '25-9031', '25-9099']","[268, 270, 271, 272]",3,2,unresolved_group_or_unscored_member,,0.3703703703703703,0.4875,2
2600,271010,Artists and related workers,['27-1010'],[276],1,0,unresolved_group_or_unscored_member,,,,0
2631,271021,Commercial and industrial designers,['27-1021'],[277],1,1,covered,0.4655172413793103,0.4655172413793103,0.4655172413793103,1
2632,271022,Fashion designers,['27-1022'],[278],1,1,covered,0.390625,0.390625,0.390625,1
2633,271023,Floral designers,['27-1023'],[279],1,1,covered,0.1999999999999999,0.1999999999999999,0.1999999999999999,1
2634,271024,Graphic designers,['27-1024'],[280],1,1,covered,0.5,0.5,0.5,1
2635,271025,Interior designers,['27-1025'],[281],1,1,covered,0.5,0.5,0.5,1
2636,271026,Merchandise displayers and window trimmers,['27-1026'],[282],1,1,covered,0.3048780487804878,0.3048780487804878,0.3048780487804878,1
2640,27102X,Other designers,"['27-1027', '27-1029']","[283, 285, 286]",2,1,unresolved_group_or_unscored_member,,0.3913043478260869,0.3913043478260869,1
2700,272011,Actors,['27-2011'],[287],1,1,covered,0.1875,0.1875,0.1875,1
2710,272012,Producers and directors,['27-2012'],[288],1,1,covered,0.4695853791598472,0.4695853791598472,0.4695853791598472,4
2721,272021,Athletes and sports competitors,['27-2021'],[289],1,1,covered,0.0,0.0,0.0,1
2722,272022,Coaches and scouts,['27-2022'],[290],1,1,covered,0.3,0.3,0.3,1
2723,272023,"Umpires, referees, and other sports officials",['27-2023'],[291],1,1,covered,0.3125,0.3125,0.3125,1
2740,272030,Dancers and choreographers,['27-2030'],[292],1,0,unresolved_group_or_unscored_member,,,,0
2751,272041,Music directors and composers,['27-2041'],[293],1,1,covered,0.7105263157894737,0.7105263157894737,0.7105263157894737,1
2752,272042,Musicians and singers,['27-2042'],[294],1,1,covered,0.4081632653061224,0.4081632653061224,0.4081632653061224,1
2755,272091,"Disc jockeys, except radio",['27-2091'],[295],1,1,covered,0.5263157894736842,0.5263157894736842,0.5263157894736842,1
2770,272099,"Entertainers and performers, sports and related workers, all other",['27-2099'],[296],1,0,unresolved_group_or_unscored_member,,,,0
2805,273011,Broadcast announcers and radio disc jockeys,['27-3011'],[297],1,1,covered,0.65,0.65,0.65,1
2810,273023,"News analysts, reporters, and journalists",['27-3023'],[298],1,1,covered,0.65,0.65,0.65,1
2825,273031,Public relations specialists,['27-3031'],[299],1,1,covered,0.5909090909090909,0.5909090909090909,0.5909090909090909,1
2830,273041,Editors,['27-3041'],[300],1,1,covered,0.6470588235294118,0.6470588235294118,0.6470588235294118,1
2840,273042,Technical writers,['27-3042'],[301],1,1,covered,0.7,0.7,0.7,1
2850,273043,Writers and authors,['27-3043'],[302],1,1,covered,0.8771367521367521,0.8771367521367521,0.8771367521367521,2
2861,273091,Interpreters and translators,['27-3091'],[303],1,1,covered,0.88,0.88,0.88,1
2862,273092,Court reporters and simultaneous captioners,['27-3092'],[304],1,1,covered,0.9583333333333331,0.9583333333333331,0.9583333333333331,1
2865,273099,"Media and communication workers, all other",['27-3099'],[305],1,0,unresolved_group_or_unscored_member,,,,0
2905,2740XX,Other media and communication equipment workers,"['27-4010', '27-4099']","[306, 308, 309]",2,0,unresolved_group_or_unscored_member,,,,0
2910,274021,Photographers,['27-4021'],[310],1,1,covered,0.3854166666666666,0.3854166666666666,0.3854166666666666,1
2920,274030,"Television, video, and film camera operators and editors",['27-4030'],[311],1,0,unresolved_group_or_unscored_member,,,,0
3000,291011,Chiropractors,['29-1011'],[315],1,1,covered,0.4545454545454546,0.4545454545454546,0.4545454545454546,1
3010,291020,Dentists,['29-1020'],[316],1,0,unresolved_group_or_unscored_member,,,,0
3030,291031,Dietitians and nutritionists,['29-1031'],[317],1,1,covered,0.5487804878048781,0.5487804878048781,0.5487804878048781,1
3040,291041,Optometrists,['29-1041'],[318],1,1,covered,0.3,0.3,0.3,1
3050,291051,Pharmacists,['29-1051'],[319],1,1,covered,0.4285714285714285,0.4285714285714285,0.4285714285714285,1
3090,291210,Physicians,"['29-1210', '29-1211', '29-1212', '29-1213', '29-1214', '29-1215', '29-1216', '29-1217', '29-1218', '29-1221', '29-1222', '29-1223', '29-1224', '29-1229']","[320, 322, 323, 326, 327, 328, 329, 330, 331, 332, 333, 334, 335, 336]",14,13,unresolved_group_or_unscored_member,,0.25,0.4888888888888889,18
3100,291240,Surgeons,['29-1240'],[337],1,0,unresolved_group_or_unscored_member,,,,0
3110,291071,Physician assistants,['29-1071'],[338],1,1,covered,0.2708333333333333,0.2708333333333333,0.2708333333333333,2
3120,291081,Podiatrists,['29-1081'],[339],1,1,covered,0.2857142857142857,0.2857142857142857,0.2857142857142857,1
3140,291181,Audiologists,['29-1181'],[340],1,1,covered,0.4545454545454546,0.4545454545454546,0.4545454545454546,1
3150,291122,Occupational therapists,['29-1122'],[341],1,1,covered,0.2890151515151515,0.2890151515151515,0.2890151515151515,2
3160,291123,Physical therapists,['29-1123'],[342],1,1,covered,0.1914893617021276,0.1914893617021276,0.1914893617021276,1
3200,291124,Radiation therapists,['29-1124'],[343],1,1,covered,0.2804878048780488,0.2804878048780488,0.2804878048780488,1
3210,291125,Recreational therapists,['29-1125'],[344],1,1,covered,0.3181818181818182,0.3181818181818182,0.3181818181818182,1
3220,291126,Respiratory therapists,['29-1126'],[345],1,1,covered,0.2023809523809523,0.2023809523809523,0.2023809523809523,1
3230,291127,Speech-language pathologists,['29-1127'],[346],1,1,covered,0.4512195121951219,0.4512195121951219,0.4512195121951219,1
3245,29112X,Other therapists,"['29-1128', '29-1129']","[347, 349, 350]",2,2,covered,0.3128014184397163,0.26,0.3656028368794326,3
3250,291131,Veterinarians,['29-1131'],[351],1,1,covered,0.2702702702702703,0.2702702702702703,0.2702702702702703,1
3255,291141,Registered nurses,['29-1141'],[352],1,1,covered,0.38019000703729766,0.38019000703729766,0.38019000703729766,5
3256,291151,Nurse anesthetists,['29-1151'],[353],1,1,covered,0.1666666666666666,0.1666666666666666,0.1666666666666666,1
3258,2911XX,"Nurse practitioners, and nurse midwives","['29-1161', '29-1171']","[354, 356, 357]",2,2,covered,0.4358626919602529,0.3902439024390244,0.4814814814814814,2
3261,291291,Acupuncturists,['29-1291'],[358],1,1,covered,0.1666666666666666,0.1666666666666666,0.1666666666666666,1
3270,291299,"Healthcare diagnosing or treating practitioners, all other",['29-1299'],[359],1,1,covered,0.4963942307692307,0.4963942307692307,0.4963942307692307,2
3300,292010,Clinical laboratory technologists and technicians,['29-2010'],[360],1,0,unresolved_group_or_unscored_member,,,,0
3310,291292,Dental hygienists,['29-1292'],[361],1,1,covered,0.1875,0.1875,0.1875,1
3321,292031,Cardiovascular technologists and technicians,['29-2031'],[362],1,1,covered,0.3571428571428571,0.3571428571428571,0.3571428571428571,1
3322,292032,Diagnostic medical sonographers,['29-2032'],[363],1,1,covered,0.3026315789473684,0.3026315789473684,0.3026315789473684,1
3323,292034,Radiologic technologists and technicians,['29-2034'],[364],1,1,covered,0.3771929824561403,0.3771929824561403,0.3771929824561403,1
3324,292035,Magnetic resonance imaging technologists,['29-2035'],[365],1,1,covered,0.3222222222222222,0.3222222222222222,0.3222222222222222,1
3330,29203X,Nuclear medicine technologists and medical dosimetrists,"['29-2033', '29-2036']","[366, 368, 369]",2,2,covered,0.3701612903225806,0.2903225806451612,0.45,2
3401,292042,Emergency medical technicians,['29-2042'],[370],1,1,covered,0.2083333333333333,0.2083333333333333,0.2083333333333333,1
3402,292043,Paramedics,['29-2043'],[371],1,1,covered,0.1538461538461538,0.1538461538461538,0.1538461538461538,1
3421,292052,Pharmacy technicians,['29-2052'],[372],1,1,covered,0.4264705882352941,0.4264705882352941,0.4264705882352941,1
3422,292053,Psychiatric technicians,['29-2053'],[373],1,1,covered,0.12,0.12,0.12,1
3423,292055,Surgical technologists,['29-2055'],[374],1,1,covered,0.0666666666666666,0.0666666666666666,0.0666666666666666,1
3424,292056,Veterinary technologists and technicians,['29-2056'],[375],1,1,covered,0.1639344262295082,0.1639344262295082,0.1639344262295082,1
3430,29205X,Dietetic technicians and ophthalmic medical technicians,"['29-2051', '29-2057']","[376, 378, 379]",2,2,covered,0.4362128146453089,0.3289473684210526,0.5434782608695652,2
3500,292061,Licensed practical and licensed vocational nurses,['29-2061'],[380],1,1,covered,0.25,0.25,0.25,1
3515,292072,Medical records specialists,['29-2072'],[381],1,1,covered,0.6176470588235294,0.6176470588235294,0.6176470588235294,1
3520,292081,"Opticians, dispensing",['29-2081'],[382],1,1,covered,0.2857142857142857,0.2857142857142857,0.2857142857142857,1
3545,292090,Miscellaneous health technologists and technicians,['29-2090'],[383],1,0,unresolved_group_or_unscored_member,,,,0
3550,299000,Other healthcare practitioners and technical occupations,['29-9000'],[384],1,0,unresolved_group_or_unscored_member,,,,0
3601,311121,Home health aides,['31-1121'],[390],1,1,covered,0.0769230769230769,0.0769230769230769,0.0769230769230769,1
3602,311122,Personal care aides,['31-1122'],[391],1,1,covered,0.2222222222222222,0.2222222222222222,0.2222222222222222,1
3603,311131,Nursing assistants,['31-1131'],[392],1,1,covered,0.1016949152542373,0.1016949152542373,0.1016949152542373,1
3605,31113X,Orderlies and psychiatric aides,"['31-1132', '31-1133']","[393, 395, 396]",2,2,covered,0.0625,0.0,0.125,2
3610,312010,Occupational therapy assistants and aides,['31-2010'],[397],1,0,unresolved_group_or_unscored_member,,,,0
3620,312020,Physical therapist assistants and aides,['31-2020'],[398],1,0,unresolved_group_or_unscored_member,,,,0
3630,319011,Massage therapists,['31-9011'],[399],1,1,covered,0.074074074074074,0.074074074074074,0.074074074074074,1
3640,319091,Dental assistants,['31-9091'],[400],1,1,covered,0.2666666666666666,0.2666666666666666,0.2666666666666666,1
3645,319092,Medical assistants,['31-9092'],[401],1,1,covered,0.358974358974359,0.358974358974359,0.358974358974359,1
3646,319094,Medical transcriptionists,['31-9094'],[402],1,1,covered,0.875,0.875,0.875,1
3647,319095,Pharmacy aides,['31-9095'],[403],1,1,covered,0.38,0.38,0.38,1
3648,319096,Veterinary assistants and laboratory animal caretakers,['31-9096'],[404],1,1,covered,0.2222222222222222,0.2222222222222222,0.2222222222222222,1
3649,319097,Phlebotomists,['31-9097'],[405],1,1,covered,0.1829268292682926,0.1829268292682926,0.1829268292682926,1
3655,31909X,Other healthcare support workers,"['31-9093', '31-9099']","[406, 408, 409]",2,2,covered,0.23812134502923976,0.1111111111111111,0.3651315789473684,3
3700,331011,First-line supervisors of correctional officers,['33-1011'],[413],1,1,covered,0.2826086956521739,0.2826086956521739,0.2826086956521739,1
3710,331012,First-line supervisors of police and detectives,['33-1012'],[414],1,1,covered,0.3289473684210526,0.3289473684210526,0.3289473684210526,1
3720,331021,First-line supervisors of firefighting and prevention workers,['33-1021'],[415],1,1,covered,0.4150943396226415,0.4150943396226415,0.4150943396226415,1
3725,331090,"Miscellaneous first-line supervisors, protective service workers","['33-1090', '33-1091', '33-1099']","[416, 418, 419]",3,1,unresolved_group_or_unscored_member,,0.4047619047619047,0.4047619047619047,1
3740,332011,Firefighters,['33-2011'],[420],1,1,covered,0.1403508771929824,0.1403508771929824,0.1403508771929824,1
3750,332020,Fire inspectors,['33-2020'],[421],1,0,unresolved_group_or_unscored_member,,,,0
3801,333011,Bailiffs,['33-3011'],[422],1,1,covered,0.0357142857142857,0.0357142857142857,0.0357142857142857,1
3802,333012,Correctional officers and jailers,['33-3012'],[423],1,1,covered,0.2613636363636363,0.2613636363636363,0.2613636363636363,1
3820,333021,Detectives and criminal investigators,['33-3021'],[424],1,1,covered,0.397410759175465,0.397410759175465,0.397410759175465,3
3840,3330XX,Fish and game wardens and parking enforcement officers,"['33-3031', '33-3041']","[425, 427, 428]",2,2,covered,0.30230186480186483,0.2840909090909091,0.3205128205128205,2
3870,333050,Police officers,['33-3050'],[429],1,0,unresolved_group_or_unscored_member,,,,0
3900,339011,Animal control workers,['33-9011'],[430],1,1,covered,0.35,0.35,0.35,1
3910,339021,Private detectives and investigators,['33-9021'],[431],1,1,covered,0.3888888888888888,0.3888888888888888,0.3888888888888888,1
3930,339030,Security guards and gambling surveillance officers,['33-9030'],[432],1,0,unresolved_group_or_unscored_member,,,,0
3940,339091,Crossing guards and flaggers,['33-9091'],[433],1,1,covered,0.1052631578947368,0.1052631578947368,0.1052631578947368,1
3945,339093,Transportation security screeners,['33-9093'],[434],1,1,covered,0.26,0.26,0.26,1
3946,339094,School bus monitors,['33-9094'],[435],1,1,covered,0.1666666666666666,0.1666666666666666,0.1666666666666666,1
3960,33909X,Other protective service workers,"['33-9092', '33-9099']","[436, 438, 439]",2,2,covered,0.22902439024390245,0.08,0.3780487804878049,2
4000,351011,Chefs and head cooks,['35-1011'],[443],1,1,covered,0.2619047619047618,0.2619047619047618,0.2619047619047618,1
4010,351012,First-line supervisors of food preparation and serving workers,['35-1012'],[444],1,1,covered,0.5111111111111112,0.5111111111111112,0.5111111111111112,1
4020,352010,Cooks,['35-2010'],[445],1,0,unresolved_group_or_unscored_member,,,,0
4030,352021,Food preparation workers,['35-2021'],[446],1,1,covered,0.037037037037037,0.037037037037037,0.037037037037037,1
4040,353011,Bartenders,['35-3011'],[447],1,1,covered,0.1944444444444444,0.1944444444444444,0.1944444444444444,1
4055,353023,Fast food and counter workers,['35-3023'],[448],1,1,covered,0.0970394736842105,0.0970394736842105,0.0970394736842105,2
4110,353031,Waiters and waitresses,['35-3031'],[449],1,1,covered,0.183673469387755,0.183673469387755,0.183673469387755,1
4120,353041,"Food servers, nonrestaurant",['35-3041'],[450],1,1,covered,0.1296296296296296,0.1296296296296296,0.1296296296296296,1
4130,359011,Dining room and cafeteria attendants and bartender helpers,['35-9011'],[451],1,1,covered,0.0,0.0,0.0,1
4140,359021,Dishwashers,['35-9021'],[452],1,1,covered,0.0,0.0,0.0,1
4150,359031,"Hosts and hostesses, restaurant, lounge, and coffee shop",['35-9031'],[453],1,1,covered,0.2285714285714285,0.2285714285714285,0.2285714285714285,1
4160,359099,"Food preparation and serving related workers, all other",['35-9099'],[454],1,0,unresolved_group_or_unscored_member,,,,0
4200,371011,First-line supervisors of housekeeping and janitorial workers,['37-1011'],[458],1,1,covered,0.2653061224489795,0.2653061224489795,0.2653061224489795,1
4210,371012,"First-line supervisors of landscaping, lawn service, and groundskeeping workers",['37-1012'],[459],1,1,covered,0.3545454545454545,0.3545454545454545,0.3545454545454545,1
4220,37201X,Janitors and building cleaners,"['37-2011', '37-2019']","[460, 462, 463]",2,1,unresolved_group_or_unscored_member,,0.0,0.0,1
4230,372012,Maids and housekeeping cleaners,['37-2012'],[464],1,1,covered,0.0,0.0,0.0,1
4240,372021,Pest control workers,['37-2021'],[465],1,1,covered,0.25,0.25,0.25,1
4251,373011,Landscaping and groundskeeping workers,['37-3011'],[466],1,1,covered,0.024390243902439,0.024390243902439,0.024390243902439,1
4252,373013,Tree trimmers and pruners,['37-3013'],[467],1,1,covered,0.0609756097560975,0.0609756097560975,0.0609756097560975,1
4255,37301X,Other grounds maintenance workers,"['37-3012', '37-3019']","[468, 470, 471]",2,1,unresolved_group_or_unscored_member,,0.0555555555555555,0.0555555555555555,1
4330,391000,Supervisors of personal care and service workers,['39-1000'],[475],1,0,unresolved_group_or_unscored_member,,,,0
4340,392011,Animal trainers,['39-2011'],[476],1,1,covered,0.1034482758620689,0.1034482758620689,0.1034482758620689,1
4350,392021,Animal caretakers,['39-2021'],[477],1,1,covered,0.2727272727272727,0.2727272727272727,0.2727272727272727,1
4400,393010,Gambling services workers,['39-3010'],[478],1,0,unresolved_group_or_unscored_member,,,,0
4420,393031,"Ushers, lobby attendants, and ticket takers",['39-3031'],[479],1,1,covered,0.1428571428571428,0.1428571428571428,0.1428571428571428,1
4435,3930XX,Other entertainment attendants and related workers,"['39-3021', '39-3090']","[480, 482, 483]",2,1,unresolved_group_or_unscored_member,,0.1818181818181818,0.1818181818181818,1
4461,3940XX,"Embalmers, crematory operators and funeral attendants","['39-4011', '39-4012', '39-4021']","[484, 486, 487, 488]",3,3,covered,0.08648148148148144,0.04,0.1777777777777777,3
4465,394031,"Morticians, undertakers, and funeral arrangers",['39-4031'],[489],1,1,covered,0.1627906976744186,0.1627906976744186,0.1627906976744186,1
4500,395011,Barbers,['39-5011'],[490],1,1,covered,0.1617647058823529,0.1617647058823529,0.1617647058823529,1
4510,395012,"Hairdressers, hairstylists, and cosmetologists",['39-5012'],[491],1,1,covered,0.0789473684210526,0.0789473684210526,0.0789473684210526,1
4521,395092,Manicurists and pedicurists,['39-5092'],[492],1,1,covered,0.0833333333333333,0.0833333333333333,0.0833333333333333,1
4522,395094,Skincare specialists,['39-5094'],[493],1,1,covered,0.1969696969696969,0.1969696969696969,0.1969696969696969,1
4525,39509X,Other personal appearance workers,"['39-5091', '39-5093']","[494, 496, 497]",2,2,covered,0.24216027874564455,0.1428571428571428,0.3414634146341463,2
4530,396010,"Baggage porters, bellhops, and concierges",['39-6010'],[498],1,0,unresolved_group_or_unscored_member,,,,0
4540,397010,Tour and travel guides,['39-7010'],[499],1,0,unresolved_group_or_unscored_member,,,,0
4600,399011,Childcare workers,['39-9011'],[500],1,1,covered,0.1414312039312039,0.1414312039312039,0.1414312039312039,2
4621,399031,Exercise trainers and group fitness instructors,['39-9031'],[501],1,1,covered,0.0147058823529411,0.0147058823529411,0.0147058823529411,1
4622,399032,Recreation workers,['39-9032'],[502],1,1,covered,0.238095238095238,0.238095238095238,0.238095238095238,1
4640,399041,Residential advisors,['39-9041'],[503],1,1,covered,0.24,0.24,0.24,1
4655,399099,"Personal care and service workers, all other",['39-9099'],[504],1,0,unresolved_group_or_unscored_member,,,,0
4700,411011,First-line supervisors of retail sales workers,['41-1011'],[510],1,1,covered,0.4864864864864865,0.4864864864864865,0.4864864864864865,1
4710,411012,First-line supervisors of non-retail sales workers,['41-1012'],[511],1,1,covered,0.537037037037037,0.537037037037037,0.537037037037037,1
4720,412010,Cashiers,['41-2010'],[512],1,0,unresolved_group_or_unscored_member,,,,0
4740,412021,Counter and rental clerks,['41-2021'],[513],1,1,covered,0.532258064516129,0.532258064516129,0.532258064516129,1
4750,412022,Parts salespersons,['41-2022'],[514],1,1,covered,0.3428571428571428,0.3428571428571428,0.3428571428571428,1
4760,412031,Retail salespersons,['41-2031'],[515],1,1,covered,0.3421052631578947,0.3421052631578947,0.3421052631578947,1
4800,413011,Advertising sales agents,['41-3011'],[516],1,1,covered,0.5384615384615384,0.5384615384615384,0.5384615384615384,1
4810,413021,Insurance sales agents,['41-3021'],[517],1,1,covered,0.5757575757575758,0.5757575757575758,0.5757575757575758,1
4820,413031,"Securities, commodities, and financial services sales agents",['41-3031'],[518],1,1,covered,0.6057692307692308,0.6057692307692308,0.6057692307692308,1
4830,413041,Travel agents,['41-3041'],[519],1,1,covered,0.5625,0.5625,0.5625,1
4840,413091,"Sales representatives of services, except advertising, insurance, financial services, and travel",['41-3091'],[520],1,1,covered,0.6333333333333333,0.6333333333333333,0.6333333333333333,1
4850,414010,"Sales representatives, wholesale and manufacturing",['41-4010'],[521],1,0,unresolved_group_or_unscored_member,,,,0
4900,419010,"Models, demonstrators, and product promoters",['41-9010'],[522],1,0,unresolved_group_or_unscored_member,,,,0
4920,419020,Real estate brokers and sales agents,['41-9020'],[523],1,0,unresolved_group_or_unscored_member,,,,0
4930,419031,Sales engineers,['41-9031'],[524],1,1,covered,0.5113636363636364,0.5113636363636364,0.5113636363636364,1
4940,419041,Telemarketers,['41-9041'],[525],1,1,covered,0.8055555555555555,0.8055555555555555,0.8055555555555555,1
4950,419091,"Door-to-door sales workers, news and street vendors, and related workers",['41-9091'],[526],1,1,covered,0.2608695652173913,0.2608695652173913,0.2608695652173913,1
4965,419099,"Sales and related workers, all other",['41-9099'],[527],1,0,unresolved_group_or_unscored_member,,,,0
5000,431011,First-line supervisors of office and administrative support workers,['43-1011'],[531],1,1,covered,0.4895833333333333,0.4895833333333333,0.4895833333333333,1
5010,432011,"Switchboard operators, including answering service",['43-2011'],[532],1,1,covered,0.6290322580645161,0.6290322580645161,0.6290322580645161,1
5020,432021,Telephone operators,['43-2021'],[533],1,1,covered,0.894736842105263,0.894736842105263,0.894736842105263,1
5040,432099,"Communications equipment operators, all other",['43-2099'],[534],1,0,unresolved_group_or_unscored_member,,,,0
5100,433011,Bill and account collectors,['43-3011'],[535],1,1,covered,0.6964285714285714,0.6964285714285714,0.6964285714285714,1
5110,433021,Billing and posting clerks,['43-3021'],[536],1,1,covered,0.7738095238095237,0.7738095238095237,0.7738095238095237,1
5120,433031,"Bookkeeping, accounting, and auditing clerks",['43-3031'],[537],1,1,covered,0.8023255813953488,0.8023255813953488,0.8023255813953488,1
5140,433051,Payroll and timekeeping clerks,['43-3051'],[538],1,1,covered,0.8378378378378379,0.8378378378378379,0.8378378378378379,1
5150,433061,Procurement clerks,['43-3061'],[539],1,1,covered,0.6142857142857142,0.6142857142857142,0.6142857142857142,1
5160,433071,Tellers,['43-3071'],[540],1,1,covered,0.5416666666666666,0.5416666666666666,0.5416666666666666,1
5165,4330XX,Other financial clerks,"['43-3041', '43-3099']","[541, 543, 544]",2,1,unresolved_group_or_unscored_member,,0.4193548387096774,0.4193548387096774,1
5220,434031,"Court, municipal, and license clerks",['43-4031'],[545],1,1,covered,0.7,0.7,0.7,1
5230,434041,"Credit authorizers, checkers, and clerks",['43-4041'],[546],1,1,covered,0.65,0.65,0.65,1
5240,434051,Customer service representatives,['43-4051'],[547],1,1,covered,0.5681818181818182,0.5681818181818182,0.5681818181818182,1
5250,434061,"Eligibility interviewers, government programs",['43-4061'],[548],1,1,covered,0.68,0.68,0.68,1
5260,434071,File clerks,['43-4071'],[549],1,1,covered,0.7941176470588235,0.7941176470588235,0.7941176470588235,1
5300,434081,"Hotel, motel, and resort desk clerks",['43-4081'],[550],1,1,covered,0.5,0.5,0.5,1
5310,434111,"Interviewers, except eligibility and loan",['43-4111'],[551],1,1,covered,0.6724137931034483,0.6724137931034483,0.6724137931034483,1
5320,434121,"Library assistants, clerical",['43-4121'],[552],1,1,covered,0.5344827586206896,0.5344827586206896,0.5344827586206896,1
5330,434131,Loan interviewers and clerks,['43-4131'],[553],1,1,covered,0.59375,0.59375,0.59375,1
5340,434141,New accounts clerks,['43-4141'],[554],1,1,covered,0.56,0.56,0.56,1
5350,434XXX,Correspondence clerks and order clerks,"['43-4021', '43-4151']","[555, 557, 558]",2,2,covered,0.8392857142857142,0.7142857142857143,0.9642857142857142,2
5360,434161,"Human resources assistants, except payroll and timekeeping",['43-4161'],[559],1,1,covered,0.6206896551724138,0.6206896551724138,0.6206896551724138,1
5400,434171,Receptionists and information clerks,['43-4171'],[560],1,1,covered,0.5333333333333333,0.5333333333333333,0.5333333333333333,1
5410,434181,Reservation and transportation ticket agents and travel clerks,['43-4181'],[561],1,1,covered,0.4571428571428571,0.4571428571428571,0.4571428571428571,1
5420,434YYY,Other information and records clerks,"['43-4011', '43-4199']","[562, 564, 565]",2,1,unresolved_group_or_unscored_member,,0.7666666666666666,0.7666666666666666,1
5500,435011,Cargo and freight agents,['43-5011'],[566],1,1,covered,0.5273013150371642,0.5273013150371642,0.5273013150371642,2
5510,435021,Couriers and messengers,['43-5021'],[567],1,1,covered,0.3103448275862069,0.3103448275862069,0.3103448275862069,1
5521,435031,Public safety telecommunicators,['43-5031'],[568],1,1,covered,0.65625,0.65625,0.65625,1
5522,435032,"Dispatchers, except police, fire, and ambulance",['43-5032'],[569],1,1,covered,0.6739130434782609,0.6739130434782609,0.6739130434782609,1
5530,435041,"Meter readers, utilities",['43-5041'],[570],1,1,covered,0.4374999999999999,0.4374999999999999,0.4374999999999999,1
5540,435051,Postal service clerks,['43-5051'],[571],1,1,covered,0.3148148148148147,0.3148148148148147,0.3148148148148147,1
5550,435052,Postal service mail carriers,['43-5052'],[572],1,1,covered,0.2307692307692307,0.2307692307692307,0.2307692307692307,1
5560,435053,"Postal service mail sorters, processors, and processing machine operators",['43-5053'],[573],1,1,covered,0.1,0.1,0.1,1
5600,435061,"Production, planning, and expediting clerks",['43-5061'],[574],1,1,covered,0.5961538461538461,0.5961538461538461,0.5961538461538461,1
5610,435071,"Shipping, receiving, and inventory clerks",['43-5071'],[575],1,1,covered,0.5,0.5,0.5,1
5630,435111,"Weighers, measurers, checkers, and samplers, recordkeeping",['43-5111'],[576],1,1,covered,0.293103448275862,0.293103448275862,0.293103448275862,1
5710,436011,Executive secretaries and executive administrative assistants,['43-6011'],[577],1,1,covered,0.6486486486486487,0.6486486486486487,0.6486486486486487,1
5720,436012,Legal secretaries and administrative assistants,['43-6012'],[578],1,1,covered,0.6956521739130435,0.6956521739130435,0.6956521739130435,1
5730,436013,Medical secretaries and administrative assistants,['43-6013'],[579],1,1,covered,0.6666666666666666,0.6666666666666666,0.6666666666666666,1
5740,436014,"Secretaries and administrative assistants, except legal, medical, and executive",['43-6014'],[580],1,1,covered,0.6442307692307693,0.6442307692307693,0.6442307692307693,1
5810,439021,Data entry keyers,['43-9021'],[581],1,1,covered,0.8928571428571428,0.8928571428571428,0.8928571428571428,1
5820,439022,Word processors and typists,['43-9022'],[582],1,1,covered,0.7432432432432433,0.7432432432432433,0.7432432432432433,1
5840,439041,Insurance claims and policy processing clerks,['43-9041'],[583],1,1,covered,0.8333333333333333,0.8333333333333333,0.8333333333333333,1
5850,439051,"Mail clerks and mail machine operators, except postal service",['43-9051'],[584],1,1,covered,0.2162162162162162,0.2162162162162162,0.2162162162162162,1
5860,439061,"Office clerks, general",['43-9061'],[585],1,1,covered,0.5757575757575758,0.5757575757575758,0.5757575757575758,1
5900,439071,"Office machine operators, except computer",['43-9071'],[586],1,1,covered,0.3970588235294117,0.3970588235294117,0.3970588235294117,1
5910,439081,Proofreaders and copy markers,['43-9081'],[587],1,1,covered,0.975,0.975,0.975,1
5920,439111,Statistical assistants,['43-9111'],[588],1,1,covered,0.8913043478260869,0.8913043478260869,0.8913043478260869,1
5940,439XXX,Other office and administrative support workers,"['43-9031', '43-9199']","[589, 591, 592]",2,1,unresolved_group_or_unscored_member,,0.6451612903225806,0.6451612903225806,1
6005,451011,"First-line supervisors of farming, fishing, and forestry workers",['45-1011'],[598],1,1,covered,0.2807017543859649,0.2807017543859649,0.2807017543859649,1
6010,452011,Agricultural inspectors,['45-2011'],[599],1,1,covered,0.2916666666666666,0.2916666666666666,0.2916666666666666,1
6040,452041,"Graders and sorters, agricultural products",['45-2041'],[600],1,1,covered,0.1,0.1,0.1,1
6050,4520XX,Other agricultural workers,"['45-2021', '45-2090']","[601, 603, 604]",2,1,unresolved_group_or_unscored_member,,0.1666666666666666,0.1666666666666666,1
6115,453031,Fishing and hunting workers,['45-3031'],[605],1,1,covered,0.043859649122807,0.043859649122807,0.043859649122807,1
6120,454011,Forest and conservation workers,['45-4011'],[606],1,1,covered,0.0434782608695652,0.0434782608695652,0.0434782608695652,1
6130,454020,Logging workers,['45-4020'],[607],1,0,unresolved_group_or_unscored_member,,,,0
6200,471011,First-line supervisors of construction trades and extraction workers,['47-1011'],[611],1,1,covered,0.41666666666666663,0.41666666666666663,0.41666666666666663,2
6210,472011,Boilermakers,['47-2011'],[612],1,1,covered,0.0303030303030303,0.0303030303030303,0.0303030303030303,1
6220,472XXX,"Brickmasons, blockmasons, stonemasons, and reinforcing iron and rebar workers","['47-2020', '47-2171']","[613, 615, 616]",2,1,unresolved_group_or_unscored_member,,0.0714285714285714,0.0714285714285714,1
6230,472031,Carpenters,['47-2031'],[617],1,1,covered,0.1444444444444444,0.1444444444444444,0.1444444444444444,1
6240,472040,"Carpet, floor, and tile installers and finishers",['47-2040'],[618],1,0,unresolved_group_or_unscored_member,,,,0
6250,472050,"Cement masons, concrete finishers, and terrazzo workers",['47-2050'],[619],1,0,unresolved_group_or_unscored_member,,,,0
6260,472061,Construction laborers,['47-2061'],[620],1,1,covered,0.05,0.05,0.05,1
6305,472070,Construction equipment operators,['47-2070'],[621],1,0,unresolved_group_or_unscored_member,,,,0
6330,472080,"Drywall installers, ceiling tile installers, and tapers",['47-2080'],[622],1,0,unresolved_group_or_unscored_member,,,,0
6355,472111,Electricians,['47-2111'],[623],1,1,covered,0.1463414634146341,0.1463414634146341,0.1463414634146341,1
6360,472121,Glaziers,['47-2121'],[624],1,1,covered,0.0833333333333333,0.0833333333333333,0.0833333333333333,1
6400,472130,Insulation workers,['47-2130'],[625],1,0,unresolved_group_or_unscored_member,,,,0
6410,472140,Painters and paperhangers,['47-2140'],[626],1,0,unresolved_group_or_unscored_member,,,,0
6441,472151,Pipelayers,['47-2151'],[627],1,1,covered,0.0357142857142857,0.0357142857142857,0.0357142857142857,1
6442,472152,"Plumbers, pipefitters, and steamfitters",['47-2152'],[628],1,1,covered,0.0753161698283649,0.0753161698283649,0.0753161698283649,2
6460,472161,Plasterers and stucco masons,['47-2161'],[629],1,1,covered,0.0769230769230769,0.0769230769230769,0.0769230769230769,1
6515,472181,Roofers,['47-2181'],[630],1,1,covered,0.04,0.04,0.04,1
6520,472211,Sheet metal workers,['47-2211'],[631],1,1,covered,0.0657894736842105,0.0657894736842105,0.0657894736842105,1
6530,472221,Structural iron and steel workers,['47-2221'],[632],1,1,covered,0.0285714285714285,0.0285714285714285,0.0285714285714285,1
6540,472231,Solar photovoltaic installers,['47-2231'],[633],1,1,covered,0.11,0.11,0.11,1
6600,473010,"Helpers, construction trades",['47-3010'],[634],1,0,unresolved_group_or_unscored_member,,,,0
6660,474011,Construction and building inspectors,['47-4011'],[635],1,1,covered,0.33410428931875524,0.33410428931875524,0.33410428931875524,2
6700,474021,Elevator And Escalator installers and repairers,['47-4021'],[636],1,1,covered,0.1842105263157894,0.1842105263157894,0.1842105263157894,1
6710,474031,Fence erectors,['47-4031'],[637],1,1,covered,0.0512820512820512,0.0512820512820512,0.0512820512820512,1
6720,474041,Hazardous materials removal workers,['47-4041'],[638],1,1,covered,0.0806451612903225,0.0806451612903225,0.0806451612903225,1
6730,474051,Highway maintenance workers,['47-4051'],[639],1,1,covered,0.0161290322580645,0.0161290322580645,0.0161290322580645,1
6740,474061,Rail-track laying and maintenance equipment operators,['47-4061'],[640],1,1,covered,0.0,0.0,0.0,1
6765,4740XX,Other construction and related workers,"['47-4071', '47-4090']","[641, 643, 644]",2,1,unresolved_group_or_unscored_member,,0.078125,0.078125,1
6800,4750YY,"Derrick, rotary drill, and service unit operators, and roustabouts, oil and gas","['47-5010', '47-5071']","[645, 647, 648]",2,1,unresolved_group_or_unscored_member,,0.0,0.0,1
6825,475020,Surface mining machine operators and earth drillers,"['47-5020', '47-5022', '47-5023']","[649, 651, 652]",3,2,unresolved_group_or_unscored_member,,0.0,0.1363636363636363,2
6835,475032,"Explosives workers, ordnance handling experts, and blasters",['47-5032'],[653],1,1,covered,0.1354166666666666,0.1354166666666666,0.1354166666666666,1
6850,475040,Underground mining machine operators,['47-5040'],[654],1,0,unresolved_group_or_unscored_member,,,,0
6950,4750XX,Other extraction workers,"['47-5051', '47-5081', '47-5099']","[655, 657, 658, 659]",3,2,unresolved_group_or_unscored_member,,0.0,0.0769230769230769,2
7000,491011,"First-line supervisors of mechanics, installers, and repairers",['49-1011'],[663],1,1,covered,0.4102564102564102,0.4102564102564102,0.4102564102564102,1
7010,492011,"Computer, automated teller, and office machine repairers",['49-2011'],[664],1,1,covered,0.3673469387755101,0.3673469387755101,0.3673469387755101,1
7020,492020,Radio and telecommunications equipment installers and repairers,['49-2020'],[665],1,0,unresolved_group_or_unscored_member,,,,0
7030,492091,Avionics technicians,['49-2091'],[666],1,1,covered,0.24,0.24,0.24,1
7040,492092,"Electric motor, power tool, and related repairers",['49-2092'],[667],1,1,covered,0.1057692307692307,0.1057692307692307,0.1057692307692307,1
7100,49209X,"Other electrical and electronic equipment mechanics, installers, and repairers","['49-2093', '49-2094', '49-2095', '49-2096']","[668, 670, 673, 674, 675]",4,4,covered,0.2635897435897436,0.1666666666666666,0.34,4
7120,492097,Audiovisual equipment installers and repairers,['49-2097'],[676],1,1,covered,0.238095238095238,0.238095238095238,0.238095238095238,1
7130,492098,Security and fire alarm systems installers,['49-2098'],[677],1,1,covered,0.1666666666666666,0.1666666666666666,0.1666666666666666,1
7140,493011,Aircraft mechanics and service technicians,['49-3011'],[678],1,1,covered,0.1343283582089552,0.1343283582089552,0.1343283582089552,1
7150,493021,Automotive body and related repairers,['49-3021'],[679],1,1,covered,0.0425531914893617,0.0425531914893617,0.0425531914893617,1
7160,493022,Automotive glass installers and repairers,['49-3022'],[680],1,1,covered,0.0,0.0,0.0,1
7200,493023,Automotive service technicians and mechanics,['49-3023'],[681],1,1,covered,0.0818181818181818,0.0818181818181818,0.0818181818181818,1
7210,493031,Bus and truck mechanics and diesel engine specialists,['49-3031'],[682],1,1,covered,0.0,0.0,0.0,1
7220,493040,Heavy vehicle and mobile equipment service technicians and mechanics,['49-3040'],[683],1,0,unresolved_group_or_unscored_member,,,,0
7240,493050,Small engine mechanics,['49-3050'],[684],1,0,unresolved_group_or_unscored_member,,,,0
7260,493090,"Miscellaneous vehicle and mobile equipment mechanics, installers, and repairers",['49-3090'],[685],1,0,unresolved_group_or_unscored_member,,,,0
7300,499010,Control and valve installers and repairers,['49-9010'],[686],1,0,unresolved_group_or_unscored_member,,,,0
7315,499021,"Heating, air conditioning, and refrigeration mechanics and installers",['49-9021'],[687],1,1,covered,0.1052631578947368,0.1052631578947368,0.1052631578947368,1
7320,499031,Home appliance repairers,['49-9031'],[688],1,1,covered,0.1454545454545454,0.1454545454545454,0.1454545454545454,1
7330,49904X,Industrial and refractory machinery mechanics,"['49-9041', '49-9045']","[689, 691, 692]",2,2,covered,0.13709677419354835,0.0,0.2741935483870967,2
7340,499071,"Maintenance and repair workers, general",['49-9071'],[693],1,1,covered,0.1372549019607843,0.1372549019607843,0.1372549019607843,1
7350,499043,"Maintenance workers, machinery",['49-9043'],[694],1,1,covered,0.1428571428571428,0.1428571428571428,0.1428571428571428,1
7360,499044,Millwrights,['49-9044'],[695],1,1,covered,0.0217391304347826,0.0217391304347826,0.0217391304347826,1
7410,499051,Electrical power-line installers and repairers,['49-9051'],[696],1,1,covered,0.0,0.0,0.0,1
7420,499052,Telecommunications line installers and repairers,['49-9052'],[697],1,1,covered,0.03125,0.03125,0.03125,1
7430,499060,Precision instrument and equipment repairers,['49-9060'],[698],1,0,unresolved_group_or_unscored_member,,,,0
7510,499091,"Coin, vending, and amusement machine servicers and repairers",['49-9091'],[699],1,1,covered,0.3214285714285714,0.3214285714285714,0.3214285714285714,1
7540,499094,Locksmiths and safe repairers,['49-9094'],[700],1,1,covered,0.08,0.08,0.08,1
7560,499096,Riggers,['49-9096'],[701],1,1,covered,0.0,0.0,0.0,1
7610,499098,"Helpers--installation, maintenance, and repair workers",['49-9098'],[702],1,1,covered,0.0333333333333333,0.0333333333333333,0.0333333333333333,1
7640,4990XX,"Other installation, maintenance, and repair workers","['40-9095', '49-9081', '49-9092', '49-9097', '49-9099']","[703, 705, 706, 707, 710, 711]",5,4,unresolved_group_or_unscored_member,,0.0434782608695652,0.2096774193548387,4
7700,511011,First-line supervisors of production and operating workers,['51-1011'],[717],1,1,covered,0.4,0.4,0.4,1
7720,512020,"Electrical, electronics, and electromechanical assemblers",['51-2020'],[718],1,0,unresolved_group_or_unscored_member,,,,0
7730,512031,Engine and other machine assemblers,['51-2031'],[719],1,1,covered,0.0952380952380952,0.0952380952380952,0.0952380952380952,1
7740,512041,Structural metal fabricators and fitters,['51-2041'],[720],1,1,covered,0.0227272727272727,0.0227272727272727,0.0227272727272727,1
7750,5120XX,Other assemblers and fabricators,"['51-2011', '51-2051', '51-2061', '51-2092', '51-2099']","[721, 723, 726, 727, 728, 729]",5,4,unresolved_group_or_unscored_member,,0.0208333333333333,0.2352941176470588,4
7800,513011,Bakers,['51-3011'],[730],1,1,covered,0.2647058823529412,0.2647058823529412,0.2647058823529412,1
7810,513020,"Butchers and other meat, poultry, and fish processing workers",['51-3020'],[731],1,0,unresolved_group_or_unscored_member,,,,0
7830,513091,"Food and tobacco roasting, baking, and drying machine operators and tenders",['51-3091'],[732],1,1,covered,0.0666666666666666,0.0666666666666666,0.0666666666666666,1
7840,513092,Food batchmakers,['51-3092'],[733],1,1,covered,0.1153846153846153,0.1153846153846153,0.1153846153846153,1
7850,513093,Food cooking machine operators and tenders,['51-3093'],[734],1,1,covered,0.1290322580645161,0.1290322580645161,0.1290322580645161,1
7855,513099,"Food processing workers, all other",['51-3099'],[735],1,0,unresolved_group_or_unscored_member,,,,0
7905,519160,Computer numerically controlled tool operators and programmers,['51-9160'],[736],1,0,unresolved_group_or_unscored_member,,,,0
7925,514020,"Forming machine setters, operators, and tenders, metal and plastic",['51-4020'],[737],1,0,unresolved_group_or_unscored_member,,,,0
7950,514031,"Cutting, punching, and press machine setters, operators, and tenders, metal and plastic",['51-4031'],[738],1,1,covered,0.01,0.01,0.01,1
8000,514033,"Grinding, lapping, polishing, and buffing machine tool setters, operators, and tenders, metal and plastic",['51-4033'],[739],1,1,covered,0.064516129032258,0.064516129032258,0.064516129032258,1
8025,51403X,"Other machine tool setters, operators, and tenders, metal and plastic","['51-4032', '51-4034', '51-4035']","[740, 742, 743, 744]",3,3,covered,0.14432422107616763,0.0303030303030303,0.2413793103448275,3
8030,514041,Machinists,['51-4041'],[745],1,1,covered,0.2346938775510204,0.2346938775510204,0.2346938775510204,1
8040,514050,"Metal furnace operators, tenders, pourers, and casters",['51-4050'],[746],1,0,unresolved_group_or_unscored_member,,,,0
8100,5140XX,"Model makers, patternmakers, and molding machine setters, metal and plastic","['51-4060', '51-4070']","[747, 749, 750]",2,0,unresolved_group_or_unscored_member,,,,0
8130,514111,Tool and die makers,['51-4111'],[751],1,1,covered,0.1875,0.1875,0.1875,1
8140,514120,"Welding, soldering, and brazing workers",['51-4120'],[752],1,0,unresolved_group_or_unscored_member,,,,0
8225,514XXX,Other metal workers and plastic workers,"['51-4081', '51-4191', '51-4192', '51-4193', '51-4194', '51-4199']","[753, 755, 756, 757, 758, 759, 760]",6,5,unresolved_group_or_unscored_member,,0.0333333333333333,0.1764705882352941,5
8250,515111,Prepress technicians and workers,['51-5111'],[761],1,1,covered,0.4375,0.4375,0.4375,1
8255,515112,Printing press operators,['51-5112'],[762],1,1,covered,0.2875,0.2875,0.2875,1
8256,515113,Print binding and finishing workers,['51-5113'],[763],1,1,covered,0.0897435897435897,0.0897435897435897,0.0897435897435897,1
8300,516011,Laundry and dry-cleaning workers,['51-6011'],[764],1,1,covered,0.05,0.05,0.05,1
8310,516021,"Pressers, textile, garment, and related materials",['51-6021'],[765],1,1,covered,0.0104166666666666,0.0104166666666666,0.0104166666666666,1
8320,516031,Sewing machine operators,['51-6031'],[766],1,1,covered,0.0813953488372093,0.0813953488372093,0.0813953488372093,1
8335,516040,Shoe and leather workers,['51-6040'],[767],1,0,unresolved_group_or_unscored_member,,,,0
8350,516050,"Tailors, dressmakers, and sewers",['51-6050'],[768],1,0,unresolved_group_or_unscored_member,,,,0
8365,516060,"Textile machine setters, operators, and tenders",['51-6060'],[769],1,0,unresolved_group_or_unscored_member,,,,0
8450,516093,Upholsterers,['51-6093'],[770],1,1,covered,0.1911764705882352,0.1911764705882352,0.1911764705882352,1
8465,51609X,"Other textile, apparel, and furnishings workers","['51-6091', '51-6092', '51-6099']","[771, 773, 774, 775]",3,2,unresolved_group_or_unscored_member,,0.0689655172413793,0.46875,2
8500,517011,Cabinetmakers and bench carpenters,['51-7011'],[776],1,1,covered,0.1176470588235294,0.1176470588235294,0.1176470588235294,1
8510,517021,Furniture finishers,['51-7021'],[777],1,1,covered,0.0285714285714285,0.0285714285714285,0.0285714285714285,1
8530,517041,"Sawing machine setters, operators, and tenders, wood",['51-7041'],[778],1,1,covered,0.0588235294117647,0.0588235294117647,0.0588235294117647,1
8540,517042,"Woodworking machine setters, operators, and tenders, except sawing",['51-7042'],[779],1,1,covered,0.0652173913043478,0.0652173913043478,0.0652173913043478,1
8555,5170XX,Other woodworkers,"['51-7030', '51-7099']","[780, 782, 783]",2,0,unresolved_group_or_unscored_member,,,,0
8600,518010,"Power plant operators, distributors, and dispatchers",['51-8010'],[784],1,0,unresolved_group_or_unscored_member,,,,0
8610,518021,Stationary engineers and boiler operators,['51-8021'],[785],1,1,covered,0.1627906976744186,0.1627906976744186,0.1627906976744186,1
8620,518031,Water and wastewater treatment plant and system operators,['51-8031'],[786],1,1,covered,0.125,0.125,0.125,1
8630,518090,Miscellaneous plant and system operators,['51-8090'],[787],1,0,unresolved_group_or_unscored_member,,,,0
8640,519010,"Chemical processing machine setters, operators, and tenders",['51-9010'],[788],1,0,unresolved_group_or_unscored_member,,,,0
8650,519020,"Crushing, grinding, polishing, mixing, and blending workers",['51-9020'],[789],1,0,unresolved_group_or_unscored_member,,,,0
8710,519030,Cutting workers,['51-9030'],[790],1,0,unresolved_group_or_unscored_member,,,,0
8720,519041,"Extruding, forming, pressing, and compacting machine setters, operators, and tenders",['51-9041'],[791],1,1,covered,0.075,0.075,0.075,1
8730,519051,"Furnace, kiln, oven, drier, and kettle operators and tenders",['51-9051'],[792],1,1,covered,0.16,0.16,0.16,1
8740,519061,"Inspectors, testers, sorters, samplers, and weighers",['51-9061'],[793],1,1,covered,0.4166666666666666,0.4166666666666666,0.4166666666666666,1
8750,519071,Jewelers and precious stone and metal workers,['51-9071'],[794],1,1,covered,0.2053571428571428,0.2053571428571428,0.2053571428571428,2
8760,519080,Dental and ophthalmic laboratory technicians and medical appliance technicians,['51-9080'],[795],1,0,unresolved_group_or_unscored_member,,,,0
8800,519111,Packaging and filling machine operators and tenders,['51-9111'],[796],1,1,covered,0.0,0.0,0.0,1
8810,519120,Painting workers,['51-9120'],[797],1,0,unresolved_group_or_unscored_member,,,,0
8830,519151,Photographic process workers and processing machine operators,['51-9151'],[798],1,1,covered,0.38,0.38,0.38,1
8850,519191,Adhesive bonding machine operators and tenders,['51-9191'],[799],1,1,covered,0.064516129032258,0.064516129032258,0.064516129032258,1
8910,519194,Etchers and engravers,['51-9194'],[800],1,1,covered,0.1363636363636363,0.1363636363636363,0.1363636363636363,1
8920,519195,"Molders, shapers, and casters, except metal and plastic",['51-9195'],[801],1,1,covered,0.07098155467720682,0.07098155467720682,0.07098155467720682,4
8930,519196,"Paper goods machine setters, operators, and tenders",['51-9196'],[802],1,1,covered,0.0,0.0,0.0,1
8940,519197,Tire builders,['51-9197'],[803],1,1,covered,0.0192307692307692,0.0192307692307692,0.0192307692307692,1
8950,519198,Helpers--production workers,['51-9198'],[804],1,1,covered,0.0888888888888888,0.0888888888888888,0.0888888888888888,1
8990,5191XX,"Miscellaneous production workers, including equipment operators and tenders","['51-9141', '51-9192', '51-9193', '51-9199']","[805, 809, 810, 813, 814]",4,3,unresolved_group_or_unscored_member,,0.08,0.234375,3
9005,531000,Supervisors of transportation and material moving workers,['53-1000'],[820],1,0,unresolved_group_or_unscored_member,,,,0
9030,532010,Aircraft pilots and flight engineers,['53-2010'],[821],1,0,unresolved_group_or_unscored_member,,,,0
9040,532020,Air traffic controllers and airfield operations specialists,['53-2020'],[822],1,0,unresolved_group_or_unscored_member,,,,0
9050,532031,Flight attendants,['53-2031'],[823],1,1,covered,0.1666666666666666,0.1666666666666666,0.1666666666666666,1
9110,533011,"Ambulance drivers and attendants, except emergency medical technicians",['53-3011'],[824],1,1,covered,0.0909090909090909,0.0909090909090909,0.0909090909090909,1
9121,533051,"Bus drivers, school",['53-3051'],[825],1,1,covered,0.3235294117647059,0.3235294117647059,0.3235294117647059,1
9122,533052,"Bus drivers, transit and intercity",['53-3052'],[826],1,1,covered,0.2407407407407407,0.2407407407407407,0.2407407407407407,1
9130,533030,Driver/sales workers and truck drivers,['53-3030'],[827],1,0,unresolved_group_or_unscored_member,,,,0
9141,533053,Shuttle drivers and chauffeurs,['53-3053'],[828],1,1,covered,0.25,0.25,0.25,1
9142,533054,Taxi drivers,['53-3054'],[829],1,1,covered,0.28125,0.28125,0.28125,1
9150,533099,"Motor vehicle operators, all other",['53-3099'],[830],1,0,unresolved_group_or_unscored_member,,,,0
9210,534010,Locomotive engineers and operators,['53-4010'],[831],1,0,unresolved_group_or_unscored_member,,,,0
9240,534031,Railroad conductors and yardmasters,['53-4031'],[832],1,1,covered,0.2777777777777778,0.2777777777777778,0.2777777777777778,1
9265,5340XX,Other rail transportation workers,"['53-4022', '53-4041', '53-4099']","[833, 835, 836, 837]",3,2,unresolved_group_or_unscored_member,,0.1666666666666666,0.4090909090909091,2
9300,5350XX,"Sailors and marine oilers, and ship engineers","['53-5011', '53-5031']","[838, 840, 841]",2,2,covered,0.10721409574468085,0.0425531914893617,0.171875,2
9310,535020,Ship and boat captains and operators,['53-5020'],[842],1,0,unresolved_group_or_unscored_member,,,,0
9350,536021,Parking attendants,['53-6021'],[843],1,1,covered,0.1071428571428571,0.1071428571428571,0.1071428571428571,1
9365,536030,Transportation service attendants,['53-6030'],[844],1,0,unresolved_group_or_unscored_member,,,,0
9410,536051,Transportation inspectors,['53-6051'],[845],1,1,covered,0.4125757575757576,0.4125757575757576,0.4125757575757576,3
9415,536061,Passenger attendants,['53-6061'],[846],1,1,covered,0.2222222222222222,0.2222222222222222,0.2222222222222222,1
9430,5360XX,Other transportation workers,"['53-6011', '53-6041', '53-6099']","[847, 849, 850, 851]",3,2,unresolved_group_or_unscored_member,,0.2857142857142857,0.4629629629629629,2
9510,537021,Crane and tower operators,['53-7021'],[855],1,1,covered,0.1842105263157894,0.1842105263157894,0.1842105263157894,1
9570,5370XX,"Conveyor, dredge, and hoist and winch operators","['53-7011', '53-7031', '53-7041']","[856, 858, 859, 860]",3,3,covered,0.034482758620689634,0.0,0.1034482758620689,3
9600,537051,Industrial truck and tractor operators,['53-7051'],[861],1,1,covered,0.03125,0.03125,0.03125,1
9610,537061,Cleaners of vehicles and equipment,['53-7061'],[862],1,1,covered,0.0833333333333333,0.0833333333333333,0.0833333333333333,1
9620,537062,"Laborers and freight, stock, and material movers, hand",['53-7062'],[863],1,1,covered,0.0417391304347826,0.0417391304347826,0.0417391304347826,2
9630,537063,Machine feeders and offbearers,['53-7063'],[864],1,1,covered,0.0909090909090909,0.0909090909090909,0.0909090909090909,1
9640,537064,"Packers and packagers, hand",['53-7064'],[865],1,1,covered,0.1,0.1,0.1,1
9645,537065,Stockers and order fillers,['53-7065'],[866],1,1,covered,0.1818181818181818,0.1818181818181818,0.1818181818181818,1
9650,537070,Pumping station operators,['53-7070'],[867],1,0,unresolved_group_or_unscored_member,,,,0
9720,537081,Refuse and recyclable material collectors,['53-7081'],[868],1,1,covered,0.1964285714285714,0.1964285714285714,0.1964285714285714,1
9760,5371XX,Other material moving workers,"['53-7121', '53-7199']","[869, 871, 872]",2,1,unresolved_group_or_unscored_member,,0.0714285714285714,0.0714285714285714,1
9800,551010,Military officer special and tactical operations leaders,['55-1010'],[876],1,0,unresolved_group_or_unscored_member,,,,0
9810,552010,First-line enlisted military supervisors,['55-2010'],[877],1,0,unresolved_group_or_unscored_member,,,,0
9825,553010,Military enlisted tactical operations and air/weapons specialists and crew members,['55-3010'],[878],1,0,unresolved_group_or_unscored_member,,,,0
9830,559830,"Military, rank not specified",['55-9830'],[879],1,0,unresolved_group_or_unscored_member,,,,0
