age_group,survey_year,rows,weight,covered_weight,weighted_coverage_percent,missing_socp_weight,official_code_inconsistent_weight,xy_group_weight,ambiguous_member_weight,mean_exposure_covered_only
22-34,pooled,4898,123656,88016,71.17810700653426,0,0,12406,25621,0.35320514460672153
22-34,2015,980,24349,17887,73.46092241981191,0,0,2507,5159,0.35614952819492873
22-34,2016,970,23979,17451,72.77617915676217,0,0,2378,5351,0.34713531111872087
22-34,2017,950,24463,16976,69.39459592036954,0,0,2125,4229,0.3583022760074556
22-34,2018,978,25780,17661,68.50659425911559,0,0,2481,5194,0.3605505801022016
22-34,2019,1020,25085,18041,71.919473789117,0,0,2915,5688,0.34417027048734355
25-34,pooled,3928,100473,71868,71.52966468603505,0,0,10799,21862,0.3552926221579729
25-34,2015,773,19492,14452,74.14323825159039,0,0,2096,4352,0.3652124310204846
25-34,2016,779,19520,14333,73.42725409836065,0,0,2119,4713,0.3438531863870957
25-34,2017,766,20007,14135,70.65027240465837,0,0,1718,3465,0.35505377690614104
25-34,2018,772,20788,14250,68.54916297864152,0,0,2315,4544,0.3599950643234203
25-34,2019,838,20666,14698,71.12164908545437,0,0,2551,4788,0.35236478381261854
