excluded_states,cz,population_total,population_excluded,population_retained,retained_population_share,policy
09,20901,3565287,3565287,0,0.0,Drop whole affected CZ recommended to avoid exposure/outcome geography mismatch; requires approval
"09,26",11401,119685,119685,0,0.0,Drop whole affected CZ recommended to avoid exposure/outcome geography mismatch; requires approval
"09,26",11402,103730,59085,44645,0.430396220958257,Drop whole affected CZ recommended to avoid exposure/outcome geography mismatch; requires approval
"09,26",11403,54377,54377,0,0.0,Drop whole affected CZ recommended to avoid exposure/outcome geography mismatch; requires approval
"09,26",11500,302566,302566,0,0.0,Drop whole affected CZ recommended to avoid exposure/outcome geography mismatch; requires approval
"09,26",11600,5202335,5202335,0,0.0,Drop whole affected CZ recommended to avoid exposure/outcome geography mismatch; requires approval
"09,26",11700,482269,482269,0,0.0,Drop whole affected CZ recommended to avoid exposure/outcome geography mismatch; requires approval
"09,26",11800,141533,141533,0,0.0,Drop whole affected CZ recommended to avoid exposure/outcome geography mismatch; requires approval
"09,26",11900,500379,500379,0,0.0,Drop whole affected CZ recommended to avoid exposure/outcome geography mismatch; requires approval
"09,26",12001,127515,127515,0,0.0,Drop whole affected CZ recommended to avoid exposure/outcome geography mismatch; requires approval
"09,26",12002,53702,53702,0,0.0,Drop whole affected CZ recommended to avoid exposure/outcome geography mismatch; requires approval
"09,26",12100,536452,536452,0,0.0,Drop whole affected CZ recommended to avoid exposure/outcome geography mismatch; requires approval
"09,26",12200,1444464,1444464,0,0.0,Drop whole affected CZ recommended to avoid exposure/outcome geography mismatch; requires approval
"09,26",12301,173977,173977,0,0.0,Drop whole affected CZ recommended to avoid exposure/outcome geography mismatch; requires approval
"09,26",12302,84834,84834,0,0.0,Drop whole affected CZ recommended to avoid exposure/outcome geography mismatch; requires approval
"09,26",12401,76529,76529,0,0.0,Drop whole affected CZ recommended to avoid exposure/outcome geography mismatch; requires approval
"09,26",12402,101282,101282,0,0.0,Drop whole affected CZ recommended to avoid exposure/outcome geography mismatch; requires approval
"09,26",13501,819322,150500,668822,0.8163115356355621,Drop whole affected CZ recommended to avoid exposure/outcome geography mismatch; requires approval
"09,26",13600,656155,205188,450967,0.6872873025428443,Drop whole affected CZ recommended to avoid exposure/outcome geography mismatch; requires approval
"09,26",13700,398180,104481,293699,0.7376035963634537,Drop whole affected CZ recommended to avoid exposure/outcome geography mismatch; requires approval
"09,26",20901,3565287,3565287,0,0.0,Drop whole affected CZ recommended to avoid exposure/outcome geography mismatch; requires approval
"09,26",21002,46009,46009,0,0.0,Drop whole affected CZ recommended to avoid exposure/outcome geography mismatch; requires approval
"09,26",21003,25382,19695,5687,0.22405641793396897,Drop whole affected CZ recommended to avoid exposure/outcome geography mismatch; requires approval
