geography_id,age_group,survey_year,major_group,scope,observed,employment_weight,covered_weight,unresolved_weight,weighted_coverage_percent,exposure_lower,exposure_upper,covered_only_mean,alternative_equal_onet_lower,alternative_equal_onet_upper,heterogeneity_lower,heterogeneity_upper,high_exposure_threshold,known_high_exposure_weight,possible_high_exposure_weight,coverage_among_possible_high_percent,available_soc_diagnostic_coverage_percent,available_soc_diagnostic_lower,available_soc_diagnostic_upper,target_98_achieved,mapping_release_status,geographic_join_missing_weight
10,22-34,2015,11,State_major_occupation,True,1975.0,1468.0,507.0,74.32911392405063,0.3417720049208513,0.598480865680345,0.4598090665658592,0.3421540021079118,0.5988628628674054,0.3325527424604797,0.6087816545152437,0.5,189.0,696.0,27.155172413793103,96.60759493670886,0.447359220950939,0.4812832715838503,False,PROVISIONAL_AUDIT_NOT_FINAL,0.0
10,22-34,2015,13,State_major_occupation,True,658.0,622.0,36.0,94.52887537993921,0.48584023016276695,0.5405514763633749,0.513959600397268,0.48584023016276695,0.5405514763633749,0.4246644447140369,0.5819735482922619,0.5,363.0,399.0,90.97744360902256,100.0,0.5177281748086832,0.5177281748086832,False,PROVISIONAL_AUDIT_NOT_FINAL,0.0
10,22-34,2015,15,State_major_occupation,True,1267.0,984.0,283.0,77.663772691397,0.6068116742085545,0.8301739472945846,0.781331698396584,0.6067861680170243,0.8301484411030544,0.58860293188592,0.8482296524680376,0.5,984.0,1267.0,77.663772691397,100.0,0.7769803826862102,0.7769803826862101,False,PROVISIONAL_AUDIT_NOT_FINAL,0.0
10,22-34,2015,17,State_major_occupation,True,543.0,198.0,345.0,36.46408839779006,0.19377125753872387,0.8291303735608233,0.5314029941592276,0.19512761528739272,0.8304867313094921,0.18474751898437772,0.8485533972824184,0.5,148.0,493.0,30.02028397565923,100.0,0.5048104665970422,0.5048104665970423,False,PROVISIONAL_AUDIT_NOT_FINAL,0.0
10,22-34,2015,19,State_major_occupation,True,445.0,264.0,181.0,59.325842696629216,0.23767557881399412,0.644417151847702,0.40062739610692194,0.23767557881399412,0.644417151847702,0.22358578803522622,0.6585069426264699,0.5,0.0,181.0,0.0,100.0,0.42827167025680435,0.4282716702568044,False,PROVISIONAL_AUDIT_NOT_FINAL,0.0
10,22-34,2015,21,State_major_occupation,True,313.0,140.0,173.0,44.72843450479233,0.1112801266462529,0.6639957815983296,0.24879056885912257,0.1112801266462529,0.6639957815983296,0.1112801266462529,0.6639957815983296,0.5,0.0,173.0,0.0,44.72843450479233,0.1112801266462529,0.6639957815983295,False,PROVISIONAL_AUDIT_NOT_FINAL,0.0
10,22-34,2015,23,State_major_occupation,True,168.0,168.0,0.0,100.0,0.5012417898193761,0.5012417898193761,0.5012417898193761,0.5012417898193761,0.5012417898193761,0.48561678981937606,0.5153786945812808,0.5,108.0,108.0,100.0,100.0,0.5012417898193761,0.501241789819376,True,PROVISIONAL_AUDIT_NOT_FINAL,0.0
10,22-34,2015,25,State_major_occupation,True,1597.0,918.0,679.0,57.482780212899186,0.18220111696958002,0.6073733148405881,0.31696643115514084,0.18220111696958002,0.6073733148405881,0.17237961391472909,0.616664476060798,0.5,20.0,699.0,2.8612303290414878,60.4257983719474,0.19126631688481127,0.5870083331653372,False,PROVISIONAL_AUDIT_NOT_FINAL,0.0
10,22-34,2015,27,State_major_occupation,True,336.0,256.0,80.0,76.19047619047619,0.40207692659487876,0.6401721646901168,0.5277259661557784,0.40207692659487876,0.6401721646901168,0.393071771978022,0.6475487764550264,0.5,190.0,270.0,70.37037037037037,76.19047619047619,0.40207692659487876,0.6401721646901167,False,PROVISIONAL_AUDIT_NOT_FINAL,0.0
10,22-34,2015,29,State_major_occupation,True,1475.0,1240.0,235.0,84.0677966101695,0.2757278260401763,0.4350498599384814,0.32798269629779037,0.27767918176364625,0.4370012156619514,0.23846668625909517,0.47942907593309875,0.5,40.0,275.0,14.545454545454545,100.0,0.33738168547666725,0.33738168547666725,False,PROVISIONAL_AUDIT_NOT_FINAL,0.0
10,22-34,2015,31,State_major_occupation,True,1017.0,1009.0,8.0,99.2133726647001,0.24168685318774158,0.2495531265407406,0.24360310177594963,0.24168685318774158,0.2495531265407406,0.24168685318774158,0.2495531265407406,0.5,0.0,8.0,0.0,100.0,0.24355998077892538,0.2435599807789253,True,PROVISIONAL_AUDIT_NOT_FINAL,0.0
10,22-34,2015,33,State_major_occupation,True,534.0,493.0,41.0,92.32209737827715,0.2812280082655034,0.3580070344827319,0.30461613877034244,0.28707077920658897,0.3638498054238174,0.23264507384111163,0.44222251492466635,0.5,0.0,41.0,0.0,95.50561797752809,0.2885190469062269,0.3334628671309459,False,PROVISIONAL_AUDIT_NOT_FINAL,0.0
10,22-34,2015,35,State_major_occupation,True,1835.0,1576.0,259.0,85.88555858310627,0.1470129568710062,0.28815737103994354,0.17117308112836066,0.1470129568710062,0.28815737103994354,0.1453753905437439,0.28979493736720585,0.5,37.0,296.0,12.5,85.88555858310627,0.1470129568710062,0.2881573710399436,False,PROVISIONAL_AUDIT_NOT_FINAL,0.0
10,22-34,2015,37,State_major_occupation,True,1142.0,827.0,315.0,72.4168126094571,0.014002159047223326,0.2898340329526524,0.019335508623856152,0.014002159047223326,0.2898340329526524,0.014002159047223326,0.2898340329526524,0.5,0.0,315.0,0.0,72.4168126094571,0.014002159047223326,0.2898340329526524,False,PROVISIONAL_AUDIT_NOT_FINAL,0.0
10,22-34,2015,39,State_major_occupation,True,843.0,738.0,105.0,87.54448398576513,0.14686093339108172,0.2714160935334305,0.16775578163778035,0.14686093339108172,0.2714160935334305,0.14204404538681717,0.2760864335535047,0.5,0.0,105.0,0.0,87.54448398576513,0.14686093339108172,0.2714160935334305,False,PROVISIONAL_AUDIT_NOT_FINAL,0.0
10,22-34,2015,41,State_major_occupation,True,2654.0,2654.0,0.0,100.0,0.40186711326853347,0.40186711326853347,0.40186711326853347,0.40003807393096347,0.40003807393096347,0.3865747220807111,0.41386170427797825,0.5,455.0,455.0,100.0,100.0,0.40186711326853347,0.4018671132685336,True,PROVISIONAL_AUDIT_NOT_FINAL,0.0
10,22-34,2015,43,State_major_occupation,True,2722.0,2425.0,297.0,89.0889052167524,0.5289588546895039,0.63806980252198,0.5937426814287957,0.5289588546895039,0.63806980252198,0.5289588546895039,0.63806980252198,0.5,2206.0,2503.0,88.13423891330403,89.0889052167524,0.5289588546895039,0.6380698025219801,False,PROVISIONAL_AUDIT_NOT_FINAL,0.0
10,22-34,2015,45,State_major_occupation,True,178.0,56.0,122.0,31.46067415730337,0.03146067415730337,0.7168539325842697,0.1,0.03146067415730337,0.7168539325842697,0.03146067415730337,0.7168539325842697,0.5,0.0,122.0,0.0,31.46067415730337,0.03146067415730337,0.7168539325842697,False,PROVISIONAL_AUDIT_NOT_FINAL,0.0
10,22-34,2015,47,State_major_occupation,True,1609.0,1530.0,79.0,95.09011808576756,0.14823087070817845,0.19732968985050287,0.15588462154866609,0.14823087070817845,0.19732968985050287,0.14146767062400478,0.2046423107897152,0.5,0.0,79.0,0.0,100.0,0.15346466844314147,0.15346466844314152,False,PROVISIONAL_AUDIT_NOT_FINAL,0.0
10,22-34,2015,49,State_major_occupation,True,620.0,597.0,23.0,96.29032258064517,0.10103461400235454,0.13813138819590293,0.10492706981819065,0.10103461400235454,0.13813138819590293,0.09421552431645944,0.14527079059024808,0.5,0.0,23.0,0.0,96.29032258064517,0.10103461400235454,0.13813138819590304,False,PROVISIONAL_AUDIT_NOT_FINAL,0.0
10,22-34,2015,51,State_major_occupation,True,830.0,562.0,268.0,67.71084337349397,0.12068111711706374,0.443572683382124,0.17823011958569912,0.11975888988370965,0.4426504561487699,0.10817534845263406,0.4539839748075836,0.5,0.0,268.0,0.0,69.51807228915662,0.12309820309897303,0.4279174802074067,False,PROVISIONAL_AUDIT_NOT_FINAL,0.0
10,22-34,2015,53,State_major_occupation,True,1588.0,1527.0,61.0,96.15869017632242,0.14132279103746495,0.17973588927424075,0.14696829873444292,0.14132279103746495,0.17973588927424075,0.13013093356056202,0.1893783323396386,0.5,0.0,61.0,0.0,96.15869017632242,0.14132279103746495,0.17973588927424075,False,PROVISIONAL_AUDIT_NOT_FINAL,0.0
10,22-34,2016,11,State_major_occupation,True,1627.0,1038.0,589.0,63.79840196681008,0.2984605419191674,0.6604765222510666,0.4678182097326449,0.29873655548651473,0.660752535818414,0.2945597767895099,0.6658033325181528,0.5,102.0,691.0,14.76121562952243,91.82544560540873,0.43129264612196255,0.5130381900678753,False,PROVISIONAL_AUDIT_NOT_FINAL,0.0
10,22-34,2016,13,State_major_occupation,True,1059.0,1002.0,57.0,94.61756373937678,0.46433314347747023,0.5181575060837026,0.49074730433397307,0.46433314347747023,0.5181575060837026,0.39330881693487924,0.5682711987321192,0.5,456.0,513.0,88.88888888888889,100.0,0.49540270117379304,0.49540270117379304,False,PROVISIONAL_AUDIT_NOT_FINAL,0.0
10,22-34,2016,15,State_major_occupation,True,707.0,611.0,96.0,86.42149929278642,0.6765166992412631,0.8123017063133989,0.7828106487128855,0.6761224581199499,0.8119074651920856,0.6475737085613926,0.8388792502653887,0.5,611.0,707.0,86.42149929278642,100.0,0.7839470313803076,0.7839470313803077,False,PROVISIONAL_AUDIT_NOT_FINAL,0.0
10,22-34,2016,17,State_major_occupation,True,506.0,353.0,153.0,69.76284584980237,0.352704558028319,0.6550760995302953,0.5055765052757207,0.35399624145827135,0.6563677829602476,0.3295829088991374,0.6939061505846136,0.5,146.0,299.0,48.82943143812709,95.8498023715415,0.4802431618310835,0.5217451381156686,False,PROVISIONAL_AUDIT_NOT_FINAL,0.0
10,22-34,2016,19,State_major_occupation,True,244.0,19.0,225.0,7.786885245901639,0.0302611781863831,0.9523923257273667,0.3886172356567093,0.0302611781863831,0.9523923257273667,0.029620809333924084,0.9530326945798256,0.5,0.0,225.0,0.0,95.49180327868852,0.43256273063625655,0.47764469784937136,False,PROVISIONAL_AUDIT_NOT_FINAL,0.0
10,22-34,2016,21,State_major_occupation,True,218.0,124.0,94.0,56.88073394495413,0.21259570945712905,0.6437883700075878,0.37375697307785594,0.21259570945712905,0.6437883700075878,0.21259570945712905,0.6437883700075878,0.5,0.0,94.0,0.0,56.88073394495413,0.21259570945712905,0.6437883700075876,False,PROVISIONAL_AUDIT_NOT_FINAL,0.0
10,22-34,2016,23,State_major_occupation,True,239.0,239.0,0.0,100.0,0.47663005578800555,0.47663005578800555,0.47663005578800555,0.47663005578800555,0.47663005578800555,0.44386331938633183,0.5062761506276151,0.5,60.0,60.0,100.0,100.0,0.47663005578800555,0.47663005578800555,True,PROVISIONAL_AUDIT_NOT_FINAL,0.0
10,22-34,2016,25,State_major_occupation,True,1536.0,1133.0,403.0,73.76302083333333,0.23082811855422758,0.49319791022089426,0.31293203009646386,0.23082811855422758,0.49319791022089426,0.22341158630221128,0.5025562400734563,0.5,14.0,417.0,3.357314148681055,76.953125,0.2406544024771912,0.4711231524771913,False,PROVISIONAL_AUDIT_NOT_FINAL,0.0
10,22-34,2016,27,State_major_occupation,True,343.0,278.0,65.0,81.04956268221575,0.4218554944526184,0.6113598676304609,0.5204907719325471,0.4218554944526184,0.6113598676304609,0.41884765894369735,0.6141330991270967,0.5,175.0,240.0,72.91666666666667,81.04956268221575,0.4218554944526184,0.6113598676304608,False,PROVISIONAL_AUDIT_NOT_FINAL,0.0
10,22-34,2016,29,State_major_occupation,True,2112.0,1844.0,268.0,87.31060606060606,0.24939905563473933,0.3762929950286787,0.2856457730480311,0.25008045944442636,0.37697439883836575,0.22342702175717505,0.40667485938550557,0.5,7.0,275.0,2.5454545454545454,99.3844696969697,0.29558892059765135,0.30174422362795444,False,PROVISIONAL_AUDIT_NOT_FINAL,0.0
10,22-34,2016,31,State_major_occupation,True,945.0,931.0,14.0,98.51851851851852,0.18337923306803927,0.19819404788285408,0.18613681552019024,0.18337923306803927,0.19819404788285408,0.18265403234283853,0.19891924860805477,0.5,13.0,27.0,48.148148148148145,100.0,0.18690695669810206,0.18690695669810214,True,PROVISIONAL_AUDIT_NOT_FINAL,0.0
10,22-34,2016,33,State_major_occupation,True,616.0,580.0,36.0,94.15584415584415,0.2812186607236933,0.33966021916525174,0.29867361207895704,0.2846957144239613,0.34313727286551976,0.21780792711206684,0.4239332749784861,0.5,0.0,36.0,0.0,100.0,0.2946032030106746,0.29460320301067455,False,PROVISIONAL_AUDIT_NOT_FINAL,0.0
10,22-34,2016,35,State_major_occupation,True,2452.0,1898.0,554.0,77.40619902120717,0.14027308996779211,0.36621109975572036,0.18121686859906547,0.14027308996779211,0.36621109975572036,0.1372022884738452,0.3692819012496673,0.5,191.0,745.0,25.63758389261745,77.40619902120717,0.14027308996779211,0.36621109975572036,False,PROVISIONAL_AUDIT_NOT_FINAL,0.0
10,22-34,2016,37,State_major_occupation,True,739.0,484.0,255.0,65.49391069012178,0.061182000471368805,0.4062428935701509,0.09341631890153212,0.061182000471368805,0.4062428935701509,0.061182000471368805,0.4062428935701509,0.5,0.0,255.0,0.0,65.49391069012178,0.061182000471368805,0.4062428935701509,False,PROVISIONAL_AUDIT_NOT_FINAL,0.0
10,22-34,2016,39,State_major_occupation,True,859.0,809.0,50.0,94.17927823050059,0.17126024558118977,0.22946746327618395,0.1818449331943659,0.17126024558118977,0.22946746327618395,0.15398448582118607,0.24635285898117742,0.5,0.0,50.0,0.0,94.17927823050059,0.17126024558118977,0.22946746327618395,False,PROVISIONAL_AUDIT_NOT_FINAL,0.0
10,22-34,2016,41,State_major_occupation,True,2127.0,2127.0,0.0,100.0,0.40381273591653366,0.40381273591653366,0.40381273591653366,0.40321820943050074,0.40321820943050074,0.39379944750495977,0.412754079339601,0.5,468.0,468.0,100.0,100.0,0.40381273591653366,0.4038127359165337,True,PROVISIONAL_AUDIT_NOT_FINAL,0.0
10,22-34,2016,43,State_major_occupation,True,2754.0,2597.0,157.0,94.29920116194626,0.5667246384826096,0.623732626863147,0.6009856197077809,0.5667246384826096,0.623732626863147,0.5643644351420141,0.6260928302037425,0.5,2212.0,2369.0,93.37273111017306,94.29920116194626,0.5667246384826096,0.623732626863147,False,PROVISIONAL_AUDIT_NOT_FINAL,0.0
10,22-34,2016,45,State_major_occupation,True,99.0,0.0,99.0,0.0,0.0,1.0,,0.0,1.0,0.0,1.0,0.5,0.0,99.0,0.0,0.0,0.0,1.0,False,PROVISIONAL_AUDIT_NOT_FINAL,0.0
10,22-34,2016,47,State_major_occupation,True,1017.0,1017.0,0.0,100.0,0.10707111616799363,0.10707111616799363,0.10707111616799363,0.10707111616799363,0.10707111616799363,0.09949947321700682,0.11425471304509363,0.5,0.0,0.0,,100.0,0.10707111616799363,0.10707111616799371,True,PROVISIONAL_AUDIT_NOT_FINAL,0.0
10,22-34,2016,49,State_major_occupation,True,1037.0,998.0,39.0,96.23915139826423,0.1303559887555522,0.16796447477290996,0.13545006046042848,0.1303559887555522,0.16796447477290996,0.10522179095244284,0.1932823639999509,0.5,0.0,39.0,0.0,96.23915139826423,0.1303559887555522,0.16796447477291002,False,PROVISIONAL_AUDIT_NOT_FINAL,0.0
10,22-34,2016,51,State_major_occupation,True,1161.0,728.0,433.0,62.704565030146426,0.1102234592844024,0.4831778089829381,0.17578219262251538,0.1102234592844024,0.4831778089829381,0.08911093213418794,0.5065657562679656,0.5,40.0,473.0,8.456659619450317,62.704565030146426,0.1102234592844024,0.4831778089829381,False,PROVISIONAL_AUDIT_NOT_FINAL,0.0
10,22-34,2016,53,State_major_occupation,True,1582.0,1539.0,43.0,97.2819216182048,0.1391837998087508,0.16636458362670278,0.14307262592426498,0.1391837998087508,0.16636458362670278,0.1308280239064279,0.17351489095630043,0.5,0.0,43.0,0.0,97.2819216182048,0.1391837998087508,0.16636458362670273,False,PROVISIONAL_AUDIT_NOT_FINAL,0.0
10,22-34,2017,11,State_major_occupation,True,1824.0,1559.0,265.0,85.47149122807018,0.3859742050639248,0.5312592927832231,0.4515823925828088,0.3861317749144772,0.5314168626337754,0.376760727311292,0.5413569195921457,0.5,74.0,339.0,21.828908554572273,98.35526315789474,0.4470358909689843,0.46348325939003704,False,PROVISIONAL_AUDIT_NOT_FINAL,0.0
10,22-34,2017,13,State_major_occupation,True,1158.0,1052.0,106.0,90.84628670120898,0.45057632309348944,0.5421134560813996,0.49597659899454444,0.45057632309348944,0.5421134560813996,0.37600846308100194,0.5922879661359658,0.5,585.0,691.0,84.65991316931982,100.0,0.5033128699085574,0.5033128699085575,False,PROVISIONAL_AUDIT_NOT_FINAL,0.0
10,22-34,2017,15,State_major_occupation,True,847.0,771.0,76.0,91.0271546635183,0.6490446886087491,0.7387731419735661,0.7130231533743326,0.6489397654117723,0.7386682187765894,0.6049674708006235,0.7822208205998311,0.5,771.0,847.0,91.0271546635183,100.0,0.7150656451156255,0.7150656451156254,False,PROVISIONAL_AUDIT_NOT_FINAL,0.0
10,22-34,2017,17,State_major_occupation,True,370.0,197.0,173.0,53.24324324324324,0.2920126862498614,0.7595802538174289,0.548450222905831,0.29473691783438705,0.7623044854019546,0.27613529226901323,0.7913739786297925,0.5,132.0,305.0,43.278688524590166,92.43243243243244,0.5021940307147424,0.5778697063904182,False,PROVISIONAL_AUDIT_NOT_FINAL,0.0
10,22-34,2017,19,State_major_occupation,True,249.0,126.0,123.0,50.602409638554214,0.22113370111614558,0.7151096047306034,0.4370023141104782,0.2197048975267484,0.7136808011412062,0.20157756567395124,0.7302353165460768,0.5,0.0,123.0,0.0,100.0,0.4513985363537101,0.45139853635371,False,PROVISIONAL_AUDIT_NOT_FINAL,0.0
10,22-34,2017,21,State_major_occupation,True,681.0,391.0,290.0,57.415565345080765,0.1915800806981259,0.6174244272473183,0.33367272367116046,0.1915800806981259,0.6174244272473183,0.1915800806981259,0.6174244272473183,0.5,0.0,290.0,0.0,57.415565345080765,0.1915800806981259,0.6174244272473183,False,PROVISIONAL_AUDIT_NOT_FINAL,0.0
10,22-34,2017,23,State_major_occupation,True,273.0,273.0,0.0,100.0,0.48704291398256916,0.48704291398256916,0.48704291398256916,0.48704291398256916,0.48704291398256916,0.4625236832133383,0.5092269799166351,0.5,120.0,120.0,100.0,100.0,0.48704291398256916,0.48704291398256905,True,PROVISIONAL_AUDIT_NOT_FINAL,0.0
10,22-34,2017,25,State_major_occupation,True,1982.0,1079.0,903.0,54.43995963673058,0.17482300870369571,0.6304234123363899,0.32112993813783586,0.17482300870369571,0.6304234123363899,0.16886095076386645,0.6379401737251092,0.5,76.0,979.0,7.763023493360572,58.22401614530777,0.18647880791625576,0.6042386464631779,False,PROVISIONAL_AUDIT_NOT_FINAL,0.0
10,22-34,2017,27,State_major_occupation,True,487.0,309.0,178.0,63.449691991786445,0.28819079188019514,0.6536938719623306,0.454203610503738,0.28819079188019514,0.6536938719623306,0.2842071140903223,0.6571818464079704,0.5,108.0,286.0,37.76223776223776,63.449691991786445,0.28819079188019514,0.6536938719623308,False,PROVISIONAL_AUDIT_NOT_FINAL,0.0
10,22-34,2017,29,State_major_occupation,True,1221.0,1073.0,148.0,87.87878787878788,0.28282697602612605,0.40403909723824727,0.32183759340904,0.28282697602612605,0.40403909723824727,0.24917843578108798,0.4429012894949669,0.5,0.0,148.0,0.0,98.85339885339886,0.32185322884295403,0.3333192403089655,False,PROVISIONAL_AUDIT_NOT_FINAL,0.0
10,22-34,2017,31,State_major_occupation,True,525.0,525.0,0.0,100.0,0.17543364365489209,0.17543364365489209,0.17543364365489209,0.17543364365489209,0.17543364365489209,0.17362212184337025,0.17724516546641392,0.5,0.0,0.0,,100.0,0.17543364365489209,0.1754336436548922,True,PROVISIONAL_AUDIT_NOT_FINAL,0.0
10,22-34,2017,33,State_major_occupation,True,563.0,563.0,0.0,100.0,0.29205573735544266,0.29205573735544266,0.29205573735544266,0.29849622059432734,0.29849622059432734,0.20857574011676028,0.4158173985645362,0.5,0.0,0.0,,100.0,0.29205573735544266,0.29205573735544266,True,PROVISIONAL_AUDIT_NOT_FINAL,0.0
10,22-34,2017,35,State_major_occupation,True,1713.0,1283.0,430.0,74.89784004670169,0.14131134601879652,0.3923329455517796,0.18867212449742668,0.14131134601879652,0.3923329455517796,0.14048465692302733,0.3931596346475488,0.5,92.0,522.0,17.624521072796934,74.89784004670169,0.14131134601879652,0.3923329455517796,False,PROVISIONAL_AUDIT_NOT_FINAL,0.0
10,22-34,2017,37,State_major_occupation,True,574.0,386.0,188.0,67.24738675958189,0.014957083368743077,0.34248321577292423,0.022241880449892556,0.014957083368743077,0.34248321577292423,0.014957083368743077,0.34248321577292423,0.5,0.0,188.0,0.0,67.24738675958189,0.014957083368743077,0.34248321577292434,False,PROVISIONAL_AUDIT_NOT_FINAL,0.0
10,22-34,2017,39,State_major_occupation,True,734.0,620.0,114.0,84.46866485013624,0.12740573273918712,0.2827190842378247,0.15083194811381184,0.12740573273918712,0.2827190842378247,0.12335475556806973,0.2867700614089421,0.5,0.0,114.0,0.0,84.46866485013624,0.12740573273918712,0.28271908423782466,False,PROVISIONAL_AUDIT_NOT_FINAL,0.0
10,22-34,2017,41,State_major_occupation,True,2622.0,2622.0,0.0,100.0,0.4136591767840262,0.4136591767840262,0.4136591767840262,0.4125468039922749,0.4125468039922749,0.4022513535236106,0.4230613662039289,0.5,643.0,643.0,100.0,100.0,0.4136591767840262,0.4136591767840263,True,PROVISIONAL_AUDIT_NOT_FINAL,0.0
10,22-34,2017,43,State_major_occupation,True,2953.0,2773.0,180.0,93.90450389434473,0.5645239610454708,0.6254789221020234,0.6011681417119636,0.5645239610454708,0.6254789221020234,0.5612222339882408,0.6287806491592534,0.5,2466.0,2646.0,93.19727891156462,93.90450389434473,0.5645239610454708,0.6254789221020234,False,PROVISIONAL_AUDIT_NOT_FINAL,0.0
10,22-34,2017,45,State_major_occupation,True,177.0,0.0,177.0,0.0,0.0,1.0,,0.0,1.0,0.0,1.0,0.5,0.0,177.0,0.0,0.0,0.0,1.0,False,PROVISIONAL_AUDIT_NOT_FINAL,0.0
10,22-34,2017,47,State_major_occupation,True,1239.0,1222.0,17.0,98.62792574656982,0.10377729423006161,0.11749803676436348,0.10522100454259112,0.10377729423006161,0.11749803676436348,0.09963343935021785,0.12068633993199694,0.5,0.0,17.0,0.0,98.62792574656982,0.10377729423006161,0.11749803676436348,True,PROVISIONAL_AUDIT_NOT_FINAL,0.0
10,22-34,2017,49,State_major_occupation,True,637.0,637.0,0.0,100.0,0.11893422167068675,0.11893422167068675,0.11893422167068675,0.11893422167068675,0.11893422167068675,0.09352893944378235,0.14433029977148057,0.5,0.0,0.0,,100.0,0.11893422167068675,0.11893422167068671,True,PROVISIONAL_AUDIT_NOT_FINAL,0.0
10,22-34,2017,51,State_major_occupation,True,1727.0,1307.0,420.0,75.68037058482918,0.10663258457372043,0.3498288787254286,0.14089860256986625,0.10663258457372043,0.3498288787254286,0.09526642777972374,0.3610324876427361,0.5,57.0,477.0,11.949685534591195,75.68037058482918,0.10663258457372043,0.3498288787254286,False,PROVISIONAL_AUDIT_NOT_FINAL,0.0
10,22-34,2017,53,State_major_occupation,True,1907.0,1726.0,181.0,90.50865233350812,0.15867914655215035,0.25359262321706905,0.1753193119785346,0.15867914655215035,0.25359262321706905,0.14692861060892362,0.26425293376487896,0.5,0.0,181.0,0.0,90.50865233350812,0.15867914655215035,0.25359262321706905,False,PROVISIONAL_AUDIT_NOT_FINAL,0.0
10,22-34,2018,11,State_major_occupation,True,1742.0,1201.0,541.0,68.94374282433984,0.3130556732529699,0.6236182450095716,0.4540740905967307,0.3130556732529699,0.6236182450095716,0.30986432423808696,0.6275071110875122,0.5,69.0,610.0,11.311475409836065,94.14466130884041,0.43249356592921306,0.49104695284080896,False,PROVISIONAL_AUDIT_NOT_FINAL,0.0
10,22-34,2018,13,State_major_occupation,True,1163.0,1108.0,55.0,95.27085124677558,0.4989368833342638,0.546228370866508,0.5237036058824448,0.4989368833342638,0.546228370866508,0.4620532860429679,0.5737993052729771,0.5,854.0,909.0,93.94939493949396,100.0,0.5259512582312129,0.5259512582312129,False,PROVISIONAL_AUDIT_NOT_FINAL,0.0
10,22-34,2018,15,State_major_occupation,True,920.0,701.0,219.0,76.19565217391305,0.5488821908372824,0.7869256690981519,0.7203589380460768,0.5488821908372824,0.7869256690981519,0.533155209485301,0.8026526504501332,0.5,701.0,920.0,76.19565217391305,100.0,0.7247771243139118,0.7247771243139118,False,PROVISIONAL_AUDIT_NOT_FINAL,0.0
10,22-34,2018,17,State_major_occupation,True,536.0,245.0,291.0,45.708955223880594,0.2399589267996935,0.7828693745608876,0.5249713663862682,0.2408304977280077,0.7837409454892017,0.23109981742736152,0.8000582488995687,0.5,158.0,449.0,35.18930957683742,77.23880597014926,0.396083848452838,0.6236957887513453,False,PROVISIONAL_AUDIT_NOT_FINAL,0.0
10,22-34,2018,19,State_major_occupation,True,499.0,281.0,218.0,56.312625250501,0.23718178468506712,0.6740555321800571,0.42118758205640033,0.23718178468506712,0.6740555321800571,0.22112069699244047,0.6901166198726837,0.5,24.0,242.0,9.917355371900827,91.78356713426854,0.4030500836398888,0.4852144122972034,False,PROVISIONAL_AUDIT_NOT_FINAL,0.0
10,22-34,2018,21,State_major_occupation,True,548.0,219.0,329.0,39.96350364963504,0.12276807740960387,0.7231330409132535,0.3072004859381869,0.12276807740960387,0.7231330409132535,0.12276807740960387,0.7231330409132535,0.5,0.0,329.0,0.0,39.96350364963504,0.12276807740960387,0.7231330409132534,False,PROVISIONAL_AUDIT_NOT_FINAL,0.0
10,22-34,2018,23,State_major_occupation,True,190.0,144.0,46.0,75.78947368421052,0.38738165456745316,0.6294869177253479,0.5111285719987229,0.38738165456745316,0.6294869177253479,0.38208560193587415,0.6342785843920146,0.5,121.0,167.0,72.45508982035928,75.78947368421052,0.38738165456745316,0.6294869177253477,False,PROVISIONAL_AUDIT_NOT_FINAL,0.0
10,22-34,2018,25,State_major_occupation,True,1823.0,974.0,849.0,53.428414701042236,0.1776930918482586,0.6434089448378362,0.33258162878785974,0.1776930918482586,0.6434089448378362,0.17220200546989817,0.6497741896082927,0.5,61.0,910.0,6.7032967032967035,53.81239714755897,0.17887584963414307,0.6407518781585533,False,PROVISIONAL_AUDIT_NOT_FINAL,0.0
10,22-34,2018,27,State_major_occupation,True,684.0,376.0,308.0,54.97076023391813,0.3067843785479111,0.7570767762087298,0.5580864758690722,0.3067843785479111,0.7570767762087298,0.298229283687875,0.7647377691108341,0.5,273.0,581.0,46.98795180722892,54.97076023391813,0.3067843785479111,0.7570767762087298,False,PROVISIONAL_AUDIT_NOT_FINAL,0.0
10,22-34,2018,29,State_major_occupation,True,1725.0,1625.0,100.0,94.20289855072464,0.28145338151216515,0.3394243960049188,0.2987735896052215,0.2821567900757405,0.3401278045684941,0.24769349514240951,0.3776840491154537,0.5,8.0,108.0,7.407407407407407,100.0,0.3031675910385679,0.3031675910385678,False,PROVISIONAL_AUDIT_NOT_FINAL,0.0
10,22-34,2018,31,State_major_occupation,True,948.0,922.0,26.0,97.25738396624473,0.14284809064022672,0.17027425097777946,0.14687634482313983,0.14284809064022672,0.17027425097777946,0.14175635537127626,0.17136598624672994,0.5,0.0,26.0,0.0,100.0,0.14937884482879238,0.14937884482879232,False,PROVISIONAL_AUDIT_NOT_FINAL,0.0
10,22-34,2018,33,State_major_occupation,True,502.0,502.0,0.0,100.0,0.2974565522491466,0.2974565522491466,0.2974565522491466,0.30108489601693245,0.30108489601693245,0.24296450561390795,0.37637340200616504,0.5,0.0,0.0,,100.0,0.2974565522491466,0.2974565522491465,True,PROVISIONAL_AUDIT_NOT_FINAL,0.0
10,22-34,2018,35,State_major_occupation,True,2180.0,1432.0,748.0,65.68807339449542,0.11519545893093001,0.4583147249859759,0.17536738859596887,0.11519545893093001,0.4583147249859759,0.1148468954350343,0.4586632884818716,0.5,143.0,891.0,16.049382716049383,65.68807339449542,0.11519545893093001,0.4583147249859759,False,PROVISIONAL_AUDIT_NOT_FINAL,0.0
10,22-34,2018,37,State_major_occupation,True,840.0,508.0,332.0,60.476190476190474,0.059602519183156295,0.45484061442125157,0.09855534668080962,0.059602519183156295,0.45484061442125157,0.059602519183156295,0.45484061442125157,0.5,0.0,332.0,0.0,60.476190476190474,0.059602519183156295,0.45484061442125157,False,PROVISIONAL_AUDIT_NOT_FINAL,0.0
10,22-34,2018,39,State_major_occupation,True,875.0,829.0,46.0,94.74285714285715,0.1473826375293894,0.19995406610081798,0.15556068496769088,0.1473826375293894,0.19995406610081798,0.1357216731981038,0.21096959722042724,0.5,0.0,46.0,0.0,94.74285714285715,0.1473826375293894,0.19995406610081798,False,PROVISIONAL_AUDIT_NOT_FINAL,0.0
10,22-34,2018,41,State_major_occupation,True,2364.0,2294.0,70.0,97.0389170896785,0.42973144126505025,0.4593422703682651,0.4428444320621529,0.4260128640365533,0.45562369313976814,0.40833072019108957,0.474038310796188,0.5,636.0,706.0,90.08498583569406,97.0389170896785,0.42973144126505025,0.4593422703682651,False,PROVISIONAL_AUDIT_NOT_FINAL,0.0
10,22-34,2018,43,State_major_occupation,True,2902.0,2810.0,92.0,96.82977257064094,0.5827440640068596,0.6144463383004503,0.6018232290917817,0.5827440640068596,0.6144463383004503,0.5805473031522767,0.6166430991550332,0.5,2506.0,2598.0,96.45881447267129,96.82977257064094,0.5827440640068596,0.6144463383004503,False,PROVISIONAL_AUDIT_NOT_FINAL,0.0
10,22-34,2018,45,State_major_occupation,True,137.0,46.0,91.0,33.57664233576642,0.0979318734793187,0.7621654501216545,0.2916666666666666,0.0979318734793187,0.7621654501216545,0.0979318734793187,0.7621654501216545,0.5,0.0,91.0,0.0,33.57664233576642,0.0979318734793187,0.7621654501216545,False,PROVISIONAL_AUDIT_NOT_FINAL,0.0
10,22-34,2018,47,State_major_occupation,True,1724.0,1724.0,0.0,100.0,0.1674420936305198,0.1674420936305198,0.1674420936305198,0.1674420936305198,0.1674420936305198,0.1587829333132372,0.17597012803329865,0.5,0.0,0.0,,100.0,0.1674420936305198,0.16744209363051973,True,PROVISIONAL_AUDIT_NOT_FINAL,0.0
10,22-34,2018,49,State_major_occupation,True,776.0,776.0,0.0,100.0,0.10795074334036851,0.10795074334036851,0.10795074334036851,0.10795074334036851,0.10795074334036851,0.0979473648183252,0.11799249386619784,0.5,0.0,0.0,,100.0,0.10795074334036851,0.10795074334036857,True,PROVISIONAL_AUDIT_NOT_FINAL,0.0
10,22-34,2018,51,State_major_occupation,True,892.0,536.0,356.0,60.08968609865471,0.20696288952139025,0.6060660285348431,0.34442331614380617,0.20610476328407645,0.6052079022975294,0.1865436880010871,0.625699119038694,0.5,52.0,408.0,12.745098039215685,60.08968609865471,0.20696288952139025,0.6060660285348431,False,PROVISIONAL_AUDIT_NOT_FINAL,0.0
10,22-34,2018,53,State_major_occupation,True,1810.0,1560.0,250.0,86.1878453038674,0.1335693184372322,0.2716908653985582,0.15497465793037837,0.1335693184372322,0.2716908653985582,0.11970350165332748,0.2847468413173734,0.5,0.0,250.0,0.0,86.1878453038674,0.1335693184372322,0.271690865398558,False,PROVISIONAL_AUDIT_NOT_FINAL,0.0
10,22-34,2019,11,State_major_occupation,True,1747.0,1308.0,439.0,74.8712077847739,0.3523602701088791,0.6036481922611402,0.47062185923563593,0.35242196316999974,0.6037098853222608,0.3489589660649823,0.6081566314179364,0.5,196.0,635.0,30.866141732283463,99.77103606182027,0.47037116797515527,0.47266080735695265,False,PROVISIONAL_AUDIT_NOT_FINAL,0.0
10,22-34,2019,13,State_major_occupation,True,1399.0,1346.0,53.0,96.21157969978556,0.48816609735828914,0.5260503003604335,0.5073880907906735,0.48816609735828914,0.5260503003604335,0.4522548220867509,0.5523281518493837,0.5,867.0,920.0,94.23913043478261,100.0,0.509456606785324,0.509456606785324,False,PROVISIONAL_AUDIT_NOT_FINAL,0.0
10,22-34,2019,15,State_major_occupation,True,731.0,504.0,227.0,68.94664842681259,0.5077345775199743,0.8182680932518483,0.736416619379169,0.5077345775199743,0.8182680932518483,0.48897970495722126,0.8370229658146012,0.5,504.0,731.0,68.94664842681259,100.0,0.7544074798912861,0.7544074798912861,False,PROVISIONAL_AUDIT_NOT_FINAL,0.0
10,22-34,2019,17,State_major_occupation,True,371.0,118.0,253.0,31.805929919137466,0.16807663631490333,0.8500173371235287,0.528444339600247,0.16836126274409136,0.8503019635527167,0.16308336542164037,0.8543216531895776,0.5,75.0,328.0,22.865853658536587,100.0,0.5233188287601829,0.5233188287601828,False,PROVISIONAL_AUDIT_NOT_FINAL,0.0
10,22-34,2019,19,State_major_occupation,True,640.0,237.0,403.0,37.03125,0.1539626697840218,0.7836501697840218,0.41576417156866646,0.1539626697840218,0.7836501697840218,0.14190150572963073,0.7939778537485299,0.5,0.0,403.0,0.0,82.5,0.3655754506281255,0.5405754506281255,False,PROVISIONAL_AUDIT_NOT_FINAL,0.0
10,22-34,2019,21,State_major_occupation,True,183.0,136.0,47.0,74.31693989071039,0.23603784894885152,0.4928684500417477,0.31760975262970464,0.23603784894885152,0.4928684500417477,0.23603784894885152,0.4928684500417477,0.5,0.0,47.0,0.0,74.31693989071039,0.23603784894885152,0.4928684500417476,False,PROVISIONAL_AUDIT_NOT_FINAL,0.0
10,22-34,2019,23,State_major_occupation,True,209.0,197.0,12.0,94.25837320574162,0.4469597288676236,0.5043759968102073,0.47418570219966155,0.4469597288676236,0.5043759968102073,0.4145135566188197,0.533732057416268,0.5,42.0,54.0,77.77777777777777,94.25837320574162,0.4469597288676236,0.5043759968102073,False,PROVISIONAL_AUDIT_NOT_FINAL,0.0
10,22-34,2019,25,State_major_occupation,True,1523.0,754.0,769.0,49.5075508864084,0.15412837327705617,0.6590528644129722,0.31132296087660016,0.15412837327705617,0.6590528644129722,0.14900968906221695,0.6654899107481449,0.5,24.0,793.0,3.0264817150063053,55.745239658568615,0.1733419467831444,0.6158895501974583,False,PROVISIONAL_AUDIT_NOT_FINAL,0.0
10,22-34,2019,27,State_major_occupation,True,122.0,109.0,13.0,89.34426229508196,0.38603832657285736,0.4925957036220377,0.4320795948797119,0.38603832657285736,0.4925957036220377,0.36835950934311584,0.5072404371584699,0.5,9.0,22.0,40.90909090909091,89.34426229508196,0.38603832657285736,0.4925957036220378,False,PROVISIONAL_AUDIT_NOT_FINAL,0.0
10,22-34,2019,29,State_major_occupation,True,2322.0,2025.0,297.0,87.20930232558139,0.28366601433914096,0.411572991083327,0.32527036310888163,0.28366601433914096,0.411572991083327,0.2543898010434645,0.44554670665354784,0.5,31.0,328.0,9.451219512195122,99.26787252368648,0.3220006193446507,0.3293218941077859,False,PROVISIONAL_AUDIT_NOT_FINAL,0.0
10,22-34,2019,31,State_major_occupation,True,942.0,942.0,0.0,100.0,0.1809314318134355,0.1809314318134355,0.1809314318134355,0.1809314318134355,0.1809314318134355,0.18035239301783618,0.18151047060903477,0.5,0.0,0.0,,100.0,0.1809314318134355,0.18093143181343557,True,PROVISIONAL_AUDIT_NOT_FINAL,0.0
10,22-34,2019,33,State_major_occupation,True,522.0,500.0,22.0,95.78544061302682,0.26989390425079446,0.3120394981205262,0.2817692360378294,0.2744494141942354,0.3165950080639672,0.24124556113321532,0.36929741405829336,0.5,0.0,22.0,0.0,95.78544061302682,0.26989390425079446,0.3120394981205262,False,PROVISIONAL_AUDIT_NOT_FINAL,0.0
10,22-34,2019,35,State_major_occupation,True,1320.0,1125.0,195.0,85.22727272727273,0.14200472942366735,0.2897320021509401,0.16661888252376966,0.14200472942366735,0.2897320021509401,0.137059304782519,0.29467742679208836,0.5,13.0,208.0,6.25,85.22727272727273,0.14200472942366735,0.28973200215093997,False,PROVISIONAL_AUDIT_NOT_FINAL,0.0
10,22-34,2019,37,State_major_occupation,True,1307.0,868.0,439.0,66.41162968630451,0.05121102981218307,0.38709473294913793,0.0771115391296351,0.05121102981218307,0.38709473294913793,0.05121102981218307,0.38709473294913793,0.5,0.0,439.0,0.0,66.41162968630451,0.05121102981218307,0.387094732949138,False,PROVISIONAL_AUDIT_NOT_FINAL,0.0
10,22-34,2019,39,State_major_occupation,True,571.0,491.0,80.0,85.98949211908932,0.17480418244735893,0.31490926125646573,0.20328551563633798,0.17480418244735893,0.31490926125646573,0.1687837939306494,0.3196624148525923,0.5,0.0,80.0,0.0,85.98949211908932,0.17480418244735893,0.31490926125646573,False,PROVISIONAL_AUDIT_NOT_FINAL,0.0
10,22-34,2019,41,State_major_occupation,True,2418.0,2340.0,78.0,96.7741935483871,0.3825638416462694,0.4148219061623984,0.395315969701145,0.382175826621546,0.414433891137675,0.3718039133822482,0.4248822343732868,0.5,265.0,343.0,77.25947521865889,96.7741935483871,0.3825638416462694,0.4148219061623984,False,PROVISIONAL_AUDIT_NOT_FINAL,0.0
10,22-34,2019,43,State_major_occupation,True,2898.0,2562.0,336.0,88.40579710144928,0.5159791119315772,0.6319211409170845,0.5836485036603087,0.5159791119315772,0.6319211409170845,0.5142106509239858,0.6336896019246759,0.5,2338.0,2674.0,87.43455497382199,88.40579710144928,0.5159791119315772,0.6319211409170844,False,PROVISIONAL_AUDIT_NOT_FINAL,0.0
10,22-34,2019,45,State_major_occupation,True,166.0,0.0,166.0,0.0,0.0,1.0,,0.0,1.0,0.0,1.0,0.5,0.0,166.0,0.0,0.0,0.0,1.0,False,PROVISIONAL_AUDIT_NOT_FINAL,0.0
10,22-34,2019,47,State_major_occupation,True,1593.0,1593.0,0.0,100.0,0.0850813810629955,0.0850813810629955,0.0850813810629955,0.0850813810629955,0.0850813810629955,0.07657524800339117,0.09570274652523089,0.5,0.0,0.0,,100.0,0.0850813810629955,0.08508138106299556,True,PROVISIONAL_AUDIT_NOT_FINAL,0.0
10,22-34,2019,49,State_major_occupation,True,1164.0,1144.0,20.0,98.28178694158076,0.09235160918380451,0.10953373976799695,0.093966147805899,0.09235160918380451,0.10953373976799695,0.07452053351328024,0.12684085321886046,0.5,0.0,20.0,0.0,98.28178694158076,0.09235160918380451,0.10953373976799702,True,PROVISIONAL_AUDIT_NOT_FINAL,0.0
10,22-34,2019,51,State_major_occupation,True,1094.0,693.0,401.0,63.345521023766,0.08021477139303573,0.4467595611553758,0.12663053377197847,0.08021477139303573,0.4467595611553758,0.0777348024135697,0.44886272029576124,0.5,0.0,401.0,0.0,64.62522851919562,0.0819263216130105,0.4356740364210543,False,PROVISIONAL_AUDIT_NOT_FINAL,0.0
10,22-34,2019,53,State_major_occupation,True,1843.0,1727.0,116.0,93.70591427021161,0.18000798545870392,0.24294884275658782,0.19209885188210268,0.18000798545870392,0.24294884275658782,0.1670626630261149,0.2539869718820921,0.5,0.0,116.0,0.0,93.70591427021161,0.18000798545870392,0.2429488427565879,False,PROVISIONAL_AUDIT_NOT_FINAL,0.0
10,22-34,pooled,11,State_major_occupation,True,8915.0,6574.0,2341.0,73.74088614694335,0.33937502368420086,0.6019661622147674,0.4602263973447902,0.33955435107665227,0.6021454896072187,0.3334455363264216,0.6089296504332357,0.5,630.0,2971.0,21.204981487714573,96.23107122826697,0.4459655955184801,0.4836548832358106,False,PROVISIONAL_AUDIT_NOT_FINAL,0.0
10,22-34,pooled,13,State_major_occupation,True,5437.0,5130.0,307.0,94.35350377046166,0.47754037484899725,0.5340053371443807,0.5061183271060425,0.47754037484899725,0.5340053371443807,0.4232910630441438,0.5721248731816868,0.5,3125.0,3432.0,91.05477855477855,100.0,0.5099400421439837,0.5099400421439838,False,PROVISIONAL_AUDIT_NOT_FINAL,0.0
10,22-34,pooled,15,State_major_occupation,True,4472.0,3571.0,901.0,79.85241502683363,0.5977178310766599,0.7991936808083236,0.7485281827428797,0.5976284046980203,0.7991042544296839,0.5733338397743066,0.8230411138388387,0.5,3571.0,4472.0,79.85241502683363,100.0,0.7519257870374709,0.7519257870374709,False,PROVISIONAL_AUDIT_NOT_FINAL,0.0
10,22-34,pooled,17,State_major_occupation,True,2326.0,1111.0,1215.0,47.764402407566635,0.2505182329990413,0.7728742089233749,0.5244873176919622,0.25179545491742594,0.7741514308417596,0.23801820445550725,0.7955605906090684,0.5,659.0,1874.0,35.165421558164354,92.64832330180568,0.47694718093461985,0.5504639479165631,False,PROVISIONAL_AUDIT_NOT_FINAL,0.0
10,22-34,pooled,19,State_major_occupation,True,2077.0,927.0,1150.0,44.63168030813674,0.18541235957980143,0.7390955564984341,0.41542769239185284,0.18524106824915149,0.7389242651677841,0.17239872820036517,0.7510439000875099,0.5,24.0,1174.0,2.0442930153321974,92.1039961482908,0.40616981956182147,0.4851298580789134,False,PROVISIONAL_AUDIT_NOT_FINAL,0.0
10,22-34,pooled,21,State_major_occupation,True,1943.0,1010.0,933.0,51.98147195059187,0.16578199281289643,0.6459672733069777,0.31892516043114627,0.16578199281289643,0.6459672733069777,0.16578199281289643,0.6459672733069777,0.5,0.0,933.0,0.0,51.98147195059187,0.16578199281289643,0.6459672733069778,False,PROVISIONAL_AUDIT_NOT_FINAL,0.0
10,22-34,pooled,23,State_major_occupation,True,1079.0,1021.0,58.0,94.62465245597775,0.46163393627560634,0.5153874117158288,0.4878579992569826,0.46163393627560634,0.5153874117158288,0.43852225879645895,0.536297977054105,0.5,451.0,509.0,88.60510805500982,94.62465245597775,0.46163393627560634,0.5153874117158289,False,PROVISIONAL_AUDIT_NOT_FINAL,0.0
10,22-34,pooled,25,State_major_occupation,True,8461.0,4858.0,3603.0,57.416381042429975,0.1832760189210223,0.6091122084967225,0.31920510417677433,0.1832760189210223,0.6091122084967225,0.17657473783351652,0.6168557450739195,0.5,195.0,3798.0,5.134281200631912,60.64295000590947,0.1932146231407399,0.5867851230816451,False,PROVISIONAL_AUDIT_NOT_FINAL,0.0
10,22-34,pooled,27,State_major_occupation,True,1972.0,1328.0,644.0,67.34279918864097,0.34334705291452444,0.6699190610281147,0.5098496900206643,0.34334705291452444,0.6699190610281147,0.33624463344150973,0.6760829454844364,0.5,755.0,1399.0,53.96711937097927,67.34279918864097,0.34334705291452444,0.6699190610281147,False,PROVISIONAL_AUDIT_NOT_FINAL,0.0
10,22-34,pooled,29,State_major_occupation,True,8855.0,7807.0,1048.0,88.16487859966121,0.27362401525033314,0.391975229253721,0.3103548936904957,0.2742486063638672,0.39259982036725516,0.24232947480695743,0.42833451180921045,0.5,86.0,1134.0,7.583774250440917,99.5031055900621,0.3145741514915165,0.3195430955908954,False,PROVISIONAL_AUDIT_NOT_FINAL,0.0
10,22-34,pooled,31,State_major_occupation,True,4377.0,4329.0,48.0,98.90335846470185,0.1866687152285218,0.19763513058150328,0.18873850001276044,0.1866687152285218,0.19763513058150328,0.18593378646069378,0.19837005934933127,0.5,13.0,61.0,21.311475409836067,100.0,0.18928005280252302,0.189280052802523,True,PROVISIONAL_AUDIT_NOT_FINAL,0.0
10,22-34,pooled,33,State_major_occupation,True,2737.0,2638.0,99.0,96.38290098648154,0.284268044866158,0.32043903500134246,0.29493617846803427,0.2890496676602031,0.3252206577953876,0.2278877087861319,0.40668893448808086,0.5,0.0,99.0,0.0,98.31932773109244,0.2887029344105229,0.30550965709959854,False,PROVISIONAL_AUDIT_NOT_FINAL,0.0
10,22-34,pooled,35,State_major_occupation,True,9500.0,7314.0,2186.0,76.98947368421052,0.13624811278928312,0.3663533759471779,0.17696979375146152,0.13624811278928312,0.3663533759471779,0.13422300891116676,0.3683784798252942,0.5,476.0,2662.0,17.88129226145755,76.98947368421052,0.13624811278928312,0.36635337594717776,False,PROVISIONAL_AUDIT_NOT_FINAL,0.0
10,22-34,pooled,37,State_major_occupation,True,4602.0,3073.0,1529.0,66.77531508039982,0.04058849672149145,0.3728353459174932,0.06078368431900542,0.04058849672149145,0.3728353459174932,0.04058849672149145,0.3728353459174932,0.5,0.0,1529.0,0.0,66.77531508039982,0.04058849672149145,0.37283534591749323,False,PROVISIONAL_AUDIT_NOT_FINAL,0.0
10,22-34,pooled,39,State_major_occupation,True,3882.0,3487.0,395.0,89.82483256053581,0.15280915034753859,0.2545608247421805,0.17011904836511177,0.15280915034753859,0.2545608247421805,0.14366053697866835,0.26325935880301476,0.5,0.0,395.0,0.0,89.82483256053581,0.15280915034753859,0.25456082474218045,False,PROVISIONAL_AUDIT_NOT_FINAL,0.0
10,22-34,pooled,41,State_major_occupation,True,12185.0,12037.0,148.0,98.78539187525647,0.4063195622230718,0.4184656434705072,0.4113154328892689,0.40477960271583974,0.41692568396327506,0.39249893075701076,0.42950969237033915,0.5,2467.0,2615.0,94.34034416826003,98.78539187525647,0.4063195622230718,0.4184656434705072,True,PROVISIONAL_AUDIT_NOT_FINAL,0.0
10,22-34,pooled,43,State_major_occupation,True,14229.0,13167.0,1062.0,92.53636938646426,0.5519752374684679,0.6266115436038252,0.5964954548445985,0.5519752374684679,0.6266115436038252,0.5500249950058914,0.6285617860664017,0.5,11728.0,12790.0,91.69663799843627,92.53636938646426,0.5519752374684679,0.6266115436038251,False,PROVISIONAL_AUDIT_NOT_FINAL,0.0
10,22-34,pooled,45,State_major_occupation,True,757.0,102.0,655.0,13.474240422721268,0.02512109202994275,0.8903786878027301,0.18643790849673197,0.02512109202994275,0.8903786878027301,0.02512109202994275,0.8903786878027301,0.5,0.0,655.0,0.0,13.474240422721268,0.02512109202994275,0.8903786878027301,False,PROVISIONAL_AUDIT_NOT_FINAL,0.0
10,22-34,pooled,47,State_major_occupation,True,7182.0,7086.0,96.0,98.66332497911445,0.12533830035028168,0.13870505055913715,0.12703636369118304,0.12533830035028168,0.13870505055913715,0.11807079152771688,0.14631354390801393,0.5,0.0,96.0,0.0,99.76329713171819,0.12651084011017522,0.12887786879299332,True,PROVISIONAL_AUDIT_NOT_FINAL,0.0
10,22-34,pooled,49,State_major_occupation,True,4234.0,4152.0,82.0,98.06329711856401,0.10978950641173106,0.129156535226091,0.11195779627824405,0.10978950641173106,0.129156535226091,0.09207737667171846,0.14682216130733566,0.5,0.0,82.0,0.0,98.06329711856401,0.10978950641173106,0.12915653522609105,True,PROVISIONAL_AUDIT_NOT_FINAL,0.0
10,22-34,pooled,51,State_major_occupation,True,5704.0,3826.0,1878.0,67.07573632538569,0.1200306967658188,0.4492733335119619,0.17894801211506284,0.11976230665232514,0.4490049433984682,0.10680352309545518,0.46241445975850026,0.5,149.0,2027.0,7.350764676862358,67.58415147265077,0.12071067876189824,0.4448691640353905,False,PROVISIONAL_AUDIT_NOT_FINAL,0.0
10,22-34,pooled,53,State_major_occupation,True,8730.0,8079.0,651.0,92.54295532646049,0.1512858739417721,0.2258563206771673,0.16347638067974632,0.1512858739417721,0.2258563206771673,0.13956134509679394,0.2362718746736517,0.5,0.0,651.0,0.0,92.54295532646049,0.1512858739417721,0.22585632067716724,False,PROVISIONAL_AUDIT_NOT_FINAL,0.0
10,25-34,2015,11,State_major_occupation,True,1687.0,1346.0,341.0,79.78660343805572,0.3657962266306923,0.5679301922501351,0.4584682275824501,0.36624343732686565,0.5683774029463085,0.3554007594280842,0.5794668351419026,0.5,164.0,505.0,32.475247524752476,96.5026674570243,0.4450207779697522,0.4799941033995092,False,PROVISIONAL_AUDIT_NOT_FINAL,0.0
10,25-34,2015,13,State_major_occupation,True,525.0,489.0,36.0,93.14285714285714,0.4753335215511009,0.5439049501225295,0.5103274004382985,0.4753335215511009,0.5439049501225295,0.40047805227354094,0.5940024317885528,0.5,307.0,343.0,89.50437317784257,100.0,0.5152997455073159,0.515299745507316,False,PROVISIONAL_AUDIT_NOT_FINAL,0.0
10,25-34,2015,15,State_major_occupation,True,1176.0,956.0,220.0,81.29251700680273,0.6389372621446154,0.8260120920765882,0.7859730337678533,0.638909782259693,0.8259846121916659,0.6195993227792089,0.8451851521324599,0.5,956.0,1176.0,81.29251700680273,100.0,0.782856670224715,0.7828566702247151,False,PROVISIONAL_AUDIT_NOT_FINAL,0.0
10,25-34,2015,17,State_major_occupation,True,497.0,181.0,316.0,36.41851106639839,0.19359716869924962,0.8294120580352656,0.5315900157100942,0.19507906458964636,0.8308939539256625,0.18431311286565674,0.850345347246471,0.5,139.0,455.0,30.54945054945055,100.0,0.5021301083939491,0.5021301083939492,False,PROVISIONAL_AUDIT_NOT_FINAL,0.0
10,25-34,2015,19,State_major_occupation,True,380.0,208.0,172.0,54.73684210526316,0.22013921219638097,0.6727707911437494,0.40217740689723447,0.22013921219638097,0.6727707911437494,0.20603122671543722,0.6868787766246931,0.5,0.0,172.0,0.0,100.0,0.4319953815988925,0.43199538159889245,False,PROVISIONAL_AUDIT_NOT_FINAL,0.0
10,25-34,2015,21,State_major_occupation,True,294.0,140.0,154.0,47.61904761904762,0.11847169945672503,0.6422812232662489,0.24879056885912257,0.11847169945672503,0.6422812232662489,0.11847169945672503,0.6422812232662489,0.5,0.0,154.0,0.0,47.61904761904762,0.11847169945672503,0.6422812232662488,False,PROVISIONAL_AUDIT_NOT_FINAL,0.0
10,25-34,2015,23,State_major_occupation,True,161.0,161.0,0.0,100.0,0.500208824159349,0.500208824159349,0.500208824159349,0.500208824159349,0.500208824159349,0.4839044763332619,0.51496037695438,0.5,101.0,101.0,100.0,100.0,0.500208824159349,0.500208824159349,True,PROVISIONAL_AUDIT_NOT_FINAL,0.0
10,25-34,2015,25,State_major_occupation,True,1100.0,723.0,377.0,65.72727272727273,0.208747465102792,0.5514747378300647,0.3175964199350915,0.208747465102792,0.5514747378300647,0.2016633693906421,0.5604290845148499,0.5,20.0,397.0,5.037783375314861,67.36363636363636,0.21378785652954704,0.5401514928931835,False,PROVISIONAL_AUDIT_NOT_FINAL,0.0
10,25-34,2015,27,State_major_occupation,True,289.0,246.0,43.0,85.12110726643598,0.4541303829384518,0.602919310274092,0.5335108970293194,0.4541303829384518,0.602919310274092,0.4436607222074351,0.6114955786236064,0.5,190.0,233.0,81.54506437768241,85.12110726643598,0.4541303829384518,0.6029193102740921,False,PROVISIONAL_AUDIT_NOT_FINAL,0.0
10,25-34,2015,29,State_major_occupation,True,1398.0,1163.0,235.0,83.19027181688126,0.27814743468857733,0.4462447165197647,0.33435091461275246,0.2793383287657953,0.44743561059698267,0.24392862281200414,0.48677964689333963,0.5,40.0,275.0,14.545454545454545,100.0,0.34319710755611954,0.3431971075561196,False,PROVISIONAL_AUDIT_NOT_FINAL,0.0
10,25-34,2015,31,State_major_occupation,True,788.0,780.0,8.0,98.98477157360406,0.22759317591289732,0.23774546017685672,0.22992746489661933,0.22759317591289732,0.23774546017685672,0.22759317591289732,0.23774546017685672,0.5,0.0,8.0,0.0,100.0,0.2300106514969505,0.23001065149695052,True,PROVISIONAL_AUDIT_NOT_FINAL,0.0
10,25-34,2015,33,State_major_occupation,True,436.0,412.0,24.0,94.4954128440367,0.2957482588613294,0.3507941304209624,0.3129763127755816,0.30290431317908095,0.357950184738714,0.2514641526320667,0.4387199329194173,0.5,0.0,24.0,0.0,94.4954128440367,0.2957482588613294,0.35079413042096247,False,PROVISIONAL_AUDIT_NOT_FINAL,0.0
10,25-34,2015,35,State_major_occupation,True,1228.0,1019.0,209.0,82.98045602605863,0.14450304999611893,0.3146984897355326,0.17414106515724637,0.14450304999611893,0.3146984897355326,0.14360299856460856,0.315598541167043,0.5,37.0,246.0,15.040650406504065,82.98045602605863,0.14450304999611893,0.31469848973553255,False,PROVISIONAL_AUDIT_NOT_FINAL,0.0
10,25-34,2015,37,State_major_occupation,True,919.0,633.0,286.0,68.87921653971708,0.016205554577061243,0.3274133891798904,0.023527495507613398,0.016205554577061243,0.3274133891798904,0.016205554577061243,0.3274133891798904,0.5,0.0,286.0,0.0,68.87921653971708,0.016205554577061243,0.3274133891798904,False,PROVISIONAL_AUDIT_NOT_FINAL,0.0
10,25-34,2015,39,State_major_occupation,True,557.0,493.0,64.0,88.50987432675045,0.12839097503806718,0.24329223177056267,0.1450583632783031,0.12839097503806718,0.24329223177056267,0.12741887105878186,0.24426433574984796,0.5,0.0,64.0,0.0,88.50987432675045,0.12839097503806718,0.24329223177056267,False,PROVISIONAL_AUDIT_NOT_FINAL,0.0
10,25-34,2015,41,State_major_occupation,True,2115.0,2115.0,0.0,100.0,0.407352890487668,0.407352890487668,0.407352890487668,0.4052891722167958,0.4052891722167958,0.3920382222045822,0.4189466270543014,0.5,341.0,341.0,100.0,100.0,0.407352890487668,0.4073528904876681,True,PROVISIONAL_AUDIT_NOT_FINAL,0.0
10,25-34,2015,43,State_major_occupation,True,2012.0,1767.0,245.0,87.82306163021869,0.5192431697394745,0.6410125534372876,0.5912378367378736,0.5192431697394745,0.6410125534372876,0.5192431697394745,0.6410125534372876,0.5,1561.0,1806.0,86.43410852713178,87.82306163021869,0.5192431697394745,0.6410125534372877,False,PROVISIONAL_AUDIT_NOT_FINAL,0.0
10,25-34,2015,45,State_major_occupation,True,122.0,0.0,122.0,0.0,0.0,1.0,,0.0,1.0,0.0,1.0,0.5,0.0,122.0,0.0,0.0,0.0,1.0,False,PROVISIONAL_AUDIT_NOT_FINAL,0.0
10,25-34,2015,47,State_major_occupation,True,1546.0,1467.0,79.0,94.89003880983182,0.14877395368482538,0.19987356558650715,0.15678563898891618,0.14877395368482538,0.19987356558650715,0.1422700716782093,0.20694925752569593,0.5,0.0,79.0,0.0,100.0,0.15422103037017826,0.1542210303701782,False,PROVISIONAL_AUDIT_NOT_FINAL,0.0
10,25-34,2015,49,State_major_occupation,True,486.0,463.0,23.0,95.26748971193416,0.09759797766264373,0.14492308054330216,0.10244625733055045,0.09759797766264373,0.14492308054330216,0.08889872744606973,0.15403096014102644,0.5,0.0,23.0,0.0,95.26748971193416,0.09759797766264373,0.14492308054330205,False,PROVISIONAL_AUDIT_NOT_FINAL,0.0
10,25-34,2015,51,State_major_occupation,True,741.0,508.0,233.0,68.55600539811066,0.1070888356371969,0.4215287816560903,0.15620635277000572,0.10605584157014711,0.4204957875890405,0.09308102458257257,0.4331905520786699,0.5,0.0,233.0,0.0,70.58029689608637,0.10979623289088747,0.4039932639300237,False,PROVISIONAL_AUDIT_NOT_FINAL,0.0
10,25-34,2015,53,State_major_occupation,True,1035.0,974.0,61.0,94.10628019323671,0.12731685144303292,0.18625404951066576,0.13529049408987584,0.12731685144303292,0.18625404951066576,0.11809660428138687,0.19432540530602913,0.5,0.0,61.0,0.0,94.10628019323671,0.12731685144303292,0.18625404951066568,False,PROVISIONAL_AUDIT_NOT_FINAL,0.0
10,25-34,2016,11,State_major_occupation,True,1416.0,841.0,575.0,59.39265536723164,0.2761081904741859,0.6821816368018694,0.46488608526925945,0.27642533318186524,0.682498779509549,0.2723225643647417,0.6874468033348772,0.5,70.0,645.0,10.852713178294573,90.60734463276836,0.4240479057949759,0.5179744594672924,False,PROVISIONAL_AUDIT_NOT_FINAL,0.0
10,25-34,2016,13,State_major_occupation,True,1005.0,948.0,57.0,94.32835820895522,0.46390269207566925,0.5206191099861169,0.49179557545996583,0.46390269207566925,0.5206191099861169,0.389062133062133,0.5734254786574337,0.5,434.0,491.0,88.39103869653768,100.0,0.49664165884224226,0.4966416588422423,False,PROVISIONAL_AUDIT_NOT_FINAL,0.0
10,25-34,2016,15,State_major_occupation,True,637.0,560.0,77.0,87.91208791208791,0.6762082806666023,0.7970874015457232,0.7691869192582602,0.6757707163451445,0.7966498372242654,0.6440847415603724,0.8265855547232065,0.5,560.0,637.0,87.91208791208791,100.0,0.770939313322964,0.770939313322964,False,PROVISIONAL_AUDIT_NOT_FINAL,0.0
10,25-34,2016,17,State_major_occupation,True,405.0,252.0,153.0,62.22222222222222,0.3199019352369563,0.6976797130147341,0.5141281102022512,0.32151574218894613,0.6992935199667238,0.2969224356900211,0.7432391630445032,0.5,146.0,299.0,48.82943143812709,94.81481481481481,0.4792464624572003,0.5310983143090523,False,PROVISIONAL_AUDIT_NOT_FINAL,0.0
10,25-34,2016,19,State_major_occupation,True,230.0,5.0,225.0,2.1739130434782608,0.007925724637681158,0.9861865942028986,0.3645833333333333,0.007925724637681158,0.9861865942028986,0.007246376811594202,0.9868659420289855,0.5,0.0,225.0,0.0,95.21739130434783,0.43471519767146,0.4825412846279817,False,PROVISIONAL_AUDIT_NOT_FINAL,0.0
10,25-34,2016,21,State_major_occupation,True,188.0,124.0,64.0,65.95744680851064,0.24652055671092624,0.5869460886258199,0.37375697307785594,0.24652055671092624,0.5869460886258199,0.24652055671092624,0.5869460886258199,0.5,0.0,64.0,0.0,65.95744680851064,0.24652055671092624,0.5869460886258199,False,PROVISIONAL_AUDIT_NOT_FINAL,0.0
10,25-34,2016,23,State_major_occupation,True,223.0,223.0,0.0,100.0,0.4731595665171898,0.4731595665171898,0.4731595665171898,0.4731595665171898,0.4731595665171898,0.43804185351270547,0.5049327354260089,0.5,44.0,44.0,100.0,100.0,0.4731595665171898,0.4731595665171899,True,PROVISIONAL_AUDIT_NOT_FINAL,0.0
10,25-34,2016,25,State_major_occupation,True,1287.0,999.0,288.0,77.62237762237763,0.24700771924288573,0.47078394301910953,0.31821715181741134,0.24700771924288573,0.47078394301910953,0.2388628934083479,0.4810961742468592,0.5,14.0,302.0,4.635761589403973,78.94327894327894,0.25107641127777824,0.46164362184498886,False,PROVISIONAL_AUDIT_NOT_FINAL,0.0
10,25-34,2016,27,State_major_occupation,True,343.0,278.0,65.0,81.04956268221575,0.4218554944526184,0.6113598676304609,0.5204907719325471,0.4218554944526184,0.6113598676304609,0.41884765894369735,0.6141330991270967,0.5,175.0,240.0,72.91666666666667,81.04956268221575,0.4218554944526184,0.6113598676304608,False,PROVISIONAL_AUDIT_NOT_FINAL,0.0
10,25-34,2016,29,State_major_occupation,True,1736.0,1472.0,264.0,84.7926267281106,0.24888032800219212,0.40095406072108614,0.29351647378519397,0.24970931696881604,0.40178304968771,0.21984295354023742,0.4349275042371324,0.5,0.0,264.0,0.0,99.25115207373273,0.30439298184407276,0.3118814611067456,False,PROVISIONAL_AUDIT_NOT_FINAL,0.0
10,25-34,2016,31,State_major_occupation,True,714.0,700.0,14.0,98.03921568627452,0.16851613339588437,0.18812397653313928,0.17188645606380207,0.16851613339588437,0.18812397653313928,0.16820272131776642,0.18843738861125725,0.5,0.0,14.0,0.0,100.0,0.17318517937684985,0.17318517937684993,True,PROVISIONAL_AUDIT_NOT_FINAL,0.0
10,25-34,2016,33,State_major_occupation,True,515.0,515.0,0.0,100.0,0.2982432589109289,0.2982432589109289,0.2982432589109289,0.30240222023008445,0.30240222023008445,0.23948805780135893,0.381952227935432,0.5,0.0,0.0,,100.0,0.2982432589109289,0.29824325891092895,True,PROVISIONAL_AUDIT_NOT_FINAL,0.0
10,25-34,2016,35,State_major_occupation,True,1516.0,1323.0,193.0,87.26912928759894,0.14136682218251365,0.2686755293065242,0.16198949541095292,0.14136682218251365,0.2686755293065242,0.13683294667911133,0.2732094048099265,0.5,72.0,265.0,27.169811320754718,87.26912928759894,0.14136682218251365,0.26867552930652416,False,PROVISIONAL_AUDIT_NOT_FINAL,0.0
10,25-34,2016,37,State_major_occupation,True,701.0,484.0,217.0,69.04422253922966,0.0644985711103303,0.3740563457180336,0.09341631890153212,0.0644985711103303,0.3740563457180336,0.0644985711103303,0.3740563457180336,0.5,0.0,217.0,0.0,69.04422253922966,0.0644985711103303,0.3740563457180336,False,PROVISIONAL_AUDIT_NOT_FINAL,0.0
10,25-34,2016,39,State_major_occupation,True,591.0,541.0,50.0,91.53976311336717,0.15941985453970817,0.2440222234060364,0.17415366734374774,0.15941985453970817,0.2440222234060364,0.14346035609877314,0.2595935131549866,0.5,0.0,50.0,0.0,91.53976311336717,0.15941985453970817,0.24402222340603652,False,PROVISIONAL_AUDIT_NOT_FINAL,0.0
10,25-34,2016,41,State_major_occupation,True,1726.0,1726.0,0.0,100.0,0.42394440299970476,0.42394440299970476,0.42394440299970476,0.42332992044203666,0.42332992044203666,0.41477804898278675,0.4320028307699517,0.5,450.0,450.0,100.0,100.0,0.42394440299970476,0.4239444029997049,True,PROVISIONAL_AUDIT_NOT_FINAL,0.0
10,25-34,2016,43,State_major_occupation,True,2070.0,1936.0,134.0,93.52657004830918,0.5428332477158373,0.6075675472327455,0.5804053836631112,0.5428332477158373,0.6075675472327455,0.5396931510974798,0.610707643851103,0.5,1606.0,1740.0,92.29885057471265,93.52657004830918,0.5428332477158373,0.6075675472327455,False,PROVISIONAL_AUDIT_NOT_FINAL,0.0
10,25-34,2016,45,State_major_occupation,True,99.0,0.0,99.0,0.0,0.0,1.0,,0.0,1.0,0.0,1.0,0.5,0.0,99.0,0.0,0.0,0.0,1.0,False,PROVISIONAL_AUDIT_NOT_FINAL,0.0
10,25-34,2016,47,State_major_occupation,True,901.0,901.0,0.0,100.0,0.1066060564374768,0.1066060564374768,0.1066060564374768,0.1066060564374768,0.1066060564374768,0.09805959597004775,0.11471451151407024,0.5,0.0,0.0,,100.0,0.1066060564374768,0.10660605643747674,True,PROVISIONAL_AUDIT_NOT_FINAL,0.0
10,25-34,2016,49,State_major_occupation,True,907.0,907.0,0.0,100.0,0.13152068027536348,0.13152068027536348,0.13152068027536348,0.13152068027536348,0.13152068027536348,0.10278400649165412,0.16046737391201335,0.5,0.0,0.0,,100.0,0.13152068027536348,0.1315206802753635,True,PROVISIONAL_AUDIT_NOT_FINAL,0.0
10,25-34,2016,51,State_major_occupation,True,913.0,591.0,322.0,64.73165388828039,0.12083764255173231,0.47352110366892836,0.18667473375589103,0.12083764255173231,0.47352110366892836,0.10283281887882106,0.4938159541929056,0.5,19.0,341.0,5.571847507331379,64.73165388828039,0.12083764255173231,0.47352110366892836,False,PROVISIONAL_AUDIT_NOT_FINAL,0.0
10,25-34,2016,53,State_major_occupation,True,1397.0,1354.0,43.0,96.92197566213314,0.13535272272882506,0.16613296610749362,0.13965122130883945,0.13535272272882506,0.16613296610749362,0.12693177264919644,0.17332264527081195,0.5,0.0,43.0,0.0,96.92197566213314,0.13535272272882506,0.16613296610749367,False,PROVISIONAL_AUDIT_NOT_FINAL,0.0
10,25-34,2017,11,State_major_occupation,True,1508.0,1248.0,260.0,82.75862068965517,0.3709509566206447,0.543364749724093,0.44823240591661234,0.37114154508709524,0.5435553381905435,0.36092279187286913,0.5541115968318688,0.5,66.0,326.0,20.245398773006134,98.0106100795756,0.44323663434199057,0.4631305335462345,False,PROVISIONAL_AUDIT_NOT_FINAL,0.0
10,25-34,2017,13,State_major_occupation,True,1025.0,936.0,89.0,91.3170731707317,0.4524367170365526,0.5392659853292355,0.4954568749599,0.4524367170365526,0.5392659853292355,0.38180691313374243,0.586730643151115,0.5,513.0,602.0,85.21594684385381,100.0,0.5023495250261822,0.5023495250261822,False,PROVISIONAL_AUDIT_NOT_FINAL,0.0
10,25-34,2017,15,State_major_occupation,True,747.0,671.0,76.0,89.82597054886212,0.6428070686910261,0.744547363202405,0.7156138305695924,0.642688099550679,0.7444283940620577,0.5933169920589432,0.7933236249924053,0.5,671.0,747.0,89.82597054886212,100.0,0.7176661719859718,0.7176661719859718,False,PROVISIONAL_AUDIT_NOT_FINAL,0.0
10,25-34,2017,17,State_major_occupation,True,365.0,197.0,168.0,53.97260273972603,0.29601286003410604,0.7562868326368457,0.548450222905831,0.29877440985951564,0.7590483824622554,0.279917967505575,0.7885160879260911,0.5,132.0,300.0,44.0,92.32876712328768,0.501726485792837,0.5784388145599603,False,PROVISIONAL_AUDIT_NOT_FINAL,0.0
10,25-34,2017,19,State_major_occupation,True,168.0,82.0,86.0,48.80952380952381,0.21028884133425013,0.722193603239012,0.4308356749287076,0.208171150299965,0.7200759122047269,0.18130385487528344,0.7446120689655172,0.5,0.0,86.0,0.0,100.0,0.4467721054185332,0.4467721054185332,False,PROVISIONAL_AUDIT_NOT_FINAL,0.0
10,25-34,2017,21,State_major_occupation,True,646.0,356.0,290.0,55.10835913312693,0.18273479894228184,0.6316512076110125,0.33159179808065753,0.18273479894228184,0.6316512076110125,0.18273479894228184,0.6316512076110125,0.5,0.0,290.0,0.0,55.10835913312693,0.18273479894228184,0.6316512076110125,False,PROVISIONAL_AUDIT_NOT_FINAL,0.0
10,25-34,2017,23,State_major_occupation,True,273.0,273.0,0.0,100.0,0.48704291398256916,0.48704291398256916,0.48704291398256916,0.48704291398256916,0.48704291398256916,0.4625236832133383,0.5092269799166351,0.5,120.0,120.0,100.0,100.0,0.48704291398256916,0.48704291398256905,True,PROVISIONAL_AUDIT_NOT_FINAL,0.0
10,25-34,2017,25,State_major_occupation,True,1664.0,926.0,738.0,55.64903846153846,0.172174674487399,0.6156842898720144,0.3093937995108336,0.172174674487399,0.6156842898720144,0.16532422391797394,0.6243460650799469,0.5,0.0,738.0,0.0,60.15625,0.18605796417447473,0.5844954641744747,False,PROVISIONAL_AUDIT_NOT_FINAL,0.0
10,25-34,2017,27,State_major_occupation,True,339.0,186.0,153.0,54.86725663716814,0.24732405616399536,0.698651489792314,0.45076803784728187,0.24732405616399536,0.698651489792314,0.24526615987714026,0.6999972694755066,0.5,52.0,205.0,25.365853658536587,54.86725663716814,0.24732405616399536,0.698651489792314,False,PROVISIONAL_AUDIT_NOT_FINAL,0.0
10,25-34,2017,29,State_major_occupation,True,1154.0,1006.0,148.0,87.17504332755632,0.27657261571787783,0.40482218244231455,0.3172612311515219,0.27657261571787783,0.40482218244231455,0.24430801032776445,0.44204397658852557,0.5,0.0,148.0,0.0,98.78682842287695,0.3178646908386291,0.3299964066098596,False,PROVISIONAL_AUDIT_NOT_FINAL,0.0
10,25-34,2017,31,State_major_occupation,True,396.0,396.0,0.0,100.0,0.16640623982488265,0.16640623982488265,0.16640623982488265,0.16640623982488265,0.16640623982488265,0.16453437431665346,0.16827810533311177,0.5,0.0,0.0,,100.0,0.16640623982488265,0.16640623982488267,True,PROVISIONAL_AUDIT_NOT_FINAL,0.0
10,25-34,2017,33,State_major_occupation,True,428.0,428.0,0.0,100.0,0.28973241304022834,0.28973241304022834,0.28973241304022834,0.29745567368404974,0.29745567368404974,0.2134901725692736,0.4144698819404412,0.5,0.0,0.0,,100.0,0.28973241304022834,0.28973241304022823,True,PROVISIONAL_AUDIT_NOT_FINAL,0.0
10,25-34,2017,35,State_major_occupation,True,1229.0,1038.0,191.0,84.45890968266883,0.16362863586472084,0.31903953903803245,0.19373756597084965,0.16362863586472084,0.31903953903803245,0.16247638328453157,0.32019179161822175,0.5,92.0,283.0,32.50883392226148,84.45890968266883,0.16362863586472084,0.31903953903803256,False,PROVISIONAL_AUDIT_NOT_FINAL,0.0
10,25-34,2017,37,State_major_occupation,True,451.0,295.0,156.0,65.41019955654102,0.01606186793575251,0.36195987237034233,0.024555601488218247,0.01606186793575251,0.36195987237034233,0.01606186793575251,0.36195987237034233,0.5,0.0,156.0,0.0,65.41019955654102,0.01606186793575251,0.36195987237034233,False,PROVISIONAL_AUDIT_NOT_FINAL,0.0
10,25-34,2017,39,State_major_occupation,True,532.0,466.0,66.0,87.59398496240601,0.11353163827979144,0.2375917886557313,0.12961122653401083,0.11353163827979144,0.2375917886557313,0.10950651044322954,0.24161691649229322,0.5,0.0,66.0,0.0,87.59398496240601,0.11353163827979144,0.2375917886557313,False,PROVISIONAL_AUDIT_NOT_FINAL,0.0
10,25-34,2017,41,State_major_occupation,True,2119.0,2119.0,0.0,100.0,0.4340845667109995,0.4340845667109995,0.4340845667109995,0.43294877666530346,0.43294877666530346,0.42356974848092166,0.4425515292507389,0.5,608.0,608.0,100.0,100.0,0.4340845667109995,0.43408456671099943,True,PROVISIONAL_AUDIT_NOT_FINAL,0.0
10,25-34,2017,43,State_major_occupation,True,2380.0,2218.0,162.0,93.19327731092437,0.5544776219203137,0.62254484881107,0.5949759874528163,0.5544776219203137,0.62254484881107,0.5503809832648515,0.6266414874665323,0.5,1911.0,2073.0,92.18523878437048,93.19327731092437,0.5544776219203137,0.6225448488110701,False,PROVISIONAL_AUDIT_NOT_FINAL,0.0
10,25-34,2017,45,State_major_occupation,True,150.0,0.0,150.0,0.0,0.0,1.0,,0.0,1.0,0.0,1.0,0.5,0.0,150.0,0.0,0.0,0.0,1.0,False,PROVISIONAL_AUDIT_NOT_FINAL,0.0
10,25-34,2017,47,State_major_occupation,True,1219.0,1219.0,0.0,100.0,0.1053569052920807,0.1053569052920807,0.1053569052920807,0.1053569052920807,0.1053569052920807,0.101145062637342,0.10859751860192308,0.5,0.0,0.0,,100.0,0.1053569052920807,0.1053569052920806,True,PROVISIONAL_AUDIT_NOT_FINAL,0.0
10,25-34,2017,49,State_major_occupation,True,563.0,563.0,0.0,100.0,0.12221198651353275,0.12221198651353275,0.12221198651353275,0.12221198651353275,0.12221198651353275,0.09377775036391398,0.15046303705072442,0.5,0.0,0.0,,100.0,0.12221198651353275,0.12221198651353271,True,PROVISIONAL_AUDIT_NOT_FINAL,0.0
10,25-34,2017,51,State_major_occupation,True,1384.0,1100.0,284.0,79.47976878612717,0.07146401625580937,0.2766663283945377,0.08991472590730924,0.07146401625580937,0.2766663283945377,0.06056556345607081,0.28749564969283115,0.5,42.0,326.0,12.883435582822086,79.47976878612717,0.07146401625580937,0.27666632839453764,False,PROVISIONAL_AUDIT_NOT_FINAL,0.0
10,25-34,2017,53,State_major_occupation,True,1267.0,1252.0,15.0,98.81610102604577,0.17014371237807524,0.18198270211761747,0.1721821753857998,0.17014371237807524,0.18198270211761747,0.15482647348046474,0.1960072649987951,0.5,0.0,15.0,0.0,98.81610102604577,0.17014371237807524,0.1819827021176175,True,PROVISIONAL_AUDIT_NOT_FINAL,0.0
10,25-34,2018,11,State_major_occupation,True,1496.0,999.0,497.0,66.77807486631016,0.3032296674789871,0.6354489188158855,0.4540856682167815,0.3032296674789871,0.6354489188158855,0.30104964814499635,0.6382595997712499,0.5,55.0,552.0,9.96376811594203,93.18181818181819,0.42836825964213754,0.4965500778239557,False,PROVISIONAL_AUDIT_NOT_FINAL,0.0
10,25-34,2018,13,State_major_occupation,True,946.0,891.0,55.0,94.18604651162791,0.511402686062029,0.5695422209457499,0.542970753102895,0.511402686062029,0.5695422209457499,0.49829804406971423,0.5821250027422125,0.5,826.0,881.0,93.75709421112373,100.0,0.5446138044607095,0.5446138044607094,False,PROVISIONAL_AUDIT_NOT_FINAL,0.0
10,25-34,2018,15,State_major_occupation,True,703.0,606.0,97.0,86.20199146514936,0.613290259880063,0.7512703452285693,0.7114571826661457,0.613290259880063,0.7512703452285693,0.5931935160991086,0.7713670890095236,0.5,606.0,703.0,86.20199146514936,100.0,0.7157901518656201,0.7157901518656199,False,PROVISIONAL_AUDIT_NOT_FINAL,0.0
10,25-34,2018,17,State_major_occupation,True,456.0,165.0,291.0,36.18421052631579,0.18797190876532524,0.8261298035021674,0.5194860024059897,0.18866662195761968,0.8268245166944619,0.18194658262269628,0.8361148339195431,0.5,78.0,369.0,21.13821138211382,73.24561403508773,0.37148716755060024,0.639031027199723,False,PROVISIONAL_AUDIT_NOT_FINAL,0.0
10,25-34,2018,19,State_major_occupation,True,465.0,281.0,184.0,60.43010752688172,0.2545241087265559,0.6502230334577387,0.42118758205640033,0.2545241087265559,0.6502230334577387,0.23728866193382323,0.6674584802504713,0.5,24.0,208.0,11.538461538461538,91.18279569892474,0.3986671649465805,0.48683920795733315,False,PROVISIONAL_AUDIT_NOT_FINAL,0.0
10,25-34,2018,21,State_major_occupation,True,525.0,211.0,314.0,40.19047619047619,0.12373546085100708,0.7218306989462452,0.30787259216482804,0.12373546085100708,0.7218306989462452,0.12373546085100708,0.7218306989462452,0.5,0.0,314.0,0.0,40.19047619047619,0.12373546085100708,0.7218306989462452,False,PROVISIONAL_AUDIT_NOT_FINAL,0.0
10,25-34,2018,23,State_major_occupation,True,190.0,144.0,46.0,75.78947368421052,0.38738165456745316,0.6294869177253479,0.5111285719987229,0.38738165456745316,0.6294869177253479,0.38208560193587415,0.6342785843920146,0.5,121.0,167.0,72.45508982035928,75.78947368421052,0.38738165456745316,0.6294869177253477,False,PROVISIONAL_AUDIT_NOT_FINAL,0.0
10,25-34,2018,25,State_major_occupation,True,1519.0,822.0,697.0,54.114549045424624,0.18288468578458617,0.64173919533034,0.33795844003258685,0.18288468578458617,0.64173919533034,0.1767552590774239,0.6488378848958224,0.5,36.0,733.0,4.911323328785811,54.114549045424624,0.18288468578458617,0.6417391953303401,False,PROVISIONAL_AUDIT_NOT_FINAL,0.0
10,25-34,2018,27,State_major_occupation,True,605.0,316.0,289.0,52.231404958677686,0.3025961834722269,0.78028213388545,0.5793376297490419,0.3025961834722269,0.78028213388545,0.2983346648490061,0.7835328000471413,0.5,238.0,527.0,45.16129032258065,52.231404958677686,0.3025961834722269,0.78028213388545,False,PROVISIONAL_AUDIT_NOT_FINAL,0.0
10,25-34,2018,29,State_major_occupation,True,1383.0,1309.0,74.0,94.64931308749097,0.30079320801729953,0.3543000771423899,0.31779756049497726,0.30167056143173737,0.35517743055682777,0.25958872212588335,0.4011170703569039,0.5,8.0,82.0,9.75609756097561,100.0,0.32199651572056204,0.32199651572056204,False,PROVISIONAL_AUDIT_NOT_FINAL,0.0
10,25-34,2018,31,State_major_occupation,True,858.0,832.0,26.0,96.96969696969697,0.13151502834071196,0.16181805864374227,0.1356248729763592,0.13151502834071196,0.16181805864374227,0.13030877538620725,0.16302431159824693,0.5,0.0,26.0,0.0,100.0,0.13873082667493136,0.13873082667493142,False,PROVISIONAL_AUDIT_NOT_FINAL,0.0
10,25-34,2018,33,State_major_occupation,True,406.0,406.0,0.0,100.0,0.30190807222736366,0.30190807222736366,0.30190807222736366,0.3060620326621123,0.3060620326621123,0.24653493058665468,0.3854874388868158,0.5,0.0,0.0,,100.0,0.30190807222736366,0.3019080722273636,True,PROVISIONAL_AUDIT_NOT_FINAL,0.0
10,25-34,2018,35,State_major_occupation,True,1654.0,1094.0,560.0,66.14268440145102,0.11516632114777642,0.4537394771332661,0.17411800290532195,0.11516632114777642,0.4537394771332661,0.11470690855947374,0.45419888972156885,0.5,143.0,703.0,20.34139402560455,66.14268440145102,0.11516632114777642,0.4537394771332661,False,PROVISIONAL_AUDIT_NOT_FINAL,0.0
10,25-34,2018,37,State_major_occupation,True,725.0,437.0,288.0,60.275862068965516,0.06745873038411786,0.4647001096944627,0.11191665795992092,0.06745873038411786,0.4647001096944627,0.06745873038411786,0.4647001096944627,0.5,0.0,288.0,0.0,60.275862068965516,0.06745873038411786,0.46470010969446274,False,PROVISIONAL_AUDIT_NOT_FINAL,0.0
10,25-34,2018,39,State_major_occupation,True,674.0,628.0,46.0,93.17507418397626,0.12431790999064146,0.19256716815087885,0.13342399893900056,0.12431790999064146,0.19256716815087885,0.11560410116111373,0.20044306294447659,0.5,0.0,46.0,0.0,93.17507418397626,0.12431790999064146,0.19256716815087882,False,PROVISIONAL_AUDIT_NOT_FINAL,0.0
10,25-34,2018,41,State_major_occupation,True,1891.0,1884.0,7.0,99.62982548915917,0.4657250477792374,0.4694267928876456,0.4674554486998609,0.46107633462843534,0.4647780797368436,0.4414192359218144,0.4853508675439932,0.5,631.0,638.0,98.90282131661442,99.62982548915917,0.4657250477792374,0.46942679288764555,True,PROVISIONAL_AUDIT_NOT_FINAL,0.0
10,25-34,2018,43,State_major_occupation,True,2147.0,2055.0,92.0,95.71495109455054,0.575626317325921,0.6184768063804156,0.6013964492937968,0.575626317325921,0.6184768063804156,0.5726570578941558,0.6214460658121809,0.5,1828.0,1920.0,95.20833333333333,95.71495109455054,0.575626317325921,0.6184768063804155,False,PROVISIONAL_AUDIT_NOT_FINAL,0.0
10,25-34,2018,45,State_major_occupation,True,137.0,46.0,91.0,33.57664233576642,0.0979318734793187,0.7621654501216545,0.2916666666666666,0.0979318734793187,0.7621654501216545,0.0979318734793187,0.7621654501216545,0.5,0.0,91.0,0.0,33.57664233576642,0.0979318734793187,0.7621654501216545,False,PROVISIONAL_AUDIT_NOT_FINAL,0.0
10,25-34,2018,47,State_major_occupation,True,1264.0,1264.0,0.0,100.0,0.18511285670926514,0.18511285670926514,0.18511285670926514,0.18511285670926514,0.18511285670926514,0.17623138015569478,0.19318486923919623,0.5,0.0,0.0,,100.0,0.18511285670926514,0.18511285670926508,True,PROVISIONAL_AUDIT_NOT_FINAL,0.0
10,25-34,2018,49,State_major_occupation,True,607.0,607.0,0.0,100.0,0.11289293015258517,0.11289293015258517,0.11289293015258517,0.11289293015258517,0.11289293015258517,0.10133953438890082,0.12380765085021493,0.5,0.0,0.0,,100.0,0.11289293015258517,0.11289293015258516,True,PROVISIONAL_AUDIT_NOT_FINAL,0.0
10,25-34,2018,51,State_major_occupation,True,809.0,487.0,322.0,60.19777503090235,0.21179756586701287,0.6098198155579894,0.3518362028468448,0.2108513994842145,0.608873649175191,0.18928344008690112,0.631467178635165,0.5,52.0,374.0,13.903743315508022,60.19777503090235,0.21179756586701287,0.6098198155579894,False,PROVISIONAL_AUDIT_NOT_FINAL,0.0
10,25-34,2018,53,State_major_occupation,True,1328.0,1078.0,250.0,81.17469879518072,0.13042157430928547,0.31867458635747825,0.16066776501180993,0.13042157430928547,0.31867458635747825,0.12400382473739759,0.32424197937494326,0.5,0.0,250.0,0.0,81.17469879518072,0.13042157430928547,0.3186745863574782,False,PROVISIONAL_AUDIT_NOT_FINAL,0.0
10,25-34,2019,11,State_major_occupation,True,1588.0,1206.0,382.0,75.94458438287154,0.3565217081295868,0.5970758643008715,0.46944981136798,0.35658957826672644,0.597143734438011,0.35303674370027266,0.6017293064128706,0.5,172.0,554.0,31.04693140794224,99.74811083123426,0.4693367644143102,0.4718556561019675,False,PROVISIONAL_AUDIT_NOT_FINAL,0.0
10,25-34,2019,13,State_major_occupation,True,1282.0,1229.0,53.0,95.86583463338533,0.4851144177076053,0.5264560713737519,0.5060347302694468,0.4851144177076053,0.5264560713737519,0.44723006282668404,0.5538278210504292,0.5,771.0,824.0,93.56796116504854,100.0,0.5083479767469359,0.5083479767469358,False,PROVISIONAL_AUDIT_NOT_FINAL,0.0
10,25-34,2019,15,State_major_occupation,True,698.0,484.0,214.0,69.34097421203438,0.5140479818318285,0.8206382397114846,0.7413336597492073,0.5140479818318285,0.8206382397114846,0.49820514989507036,0.8364810716482428,0.5,484.0,698.0,69.34097421203438,100.0,0.757081871122473,0.757081871122473,False,PROVISIONAL_AUDIT_NOT_FINAL,0.0
10,25-34,2019,17,State_major_occupation,True,336.0,89.0,247.0,26.488095238095237,0.14397109885620915,0.8790901464752569,0.543531339502093,0.14428537387177093,0.8794044214908185,0.1415401785714286,0.8823015873015873,0.5,75.0,322.0,23.29192546583851,100.0,0.5266404575976248,0.5266404575976248,False,PROVISIONAL_AUDIT_NOT_FINAL,0.0
10,25-34,2019,19,State_major_occupation,True,541.0,202.0,339.0,37.33826247689464,0.15381649701018438,0.780433872241238,0.4119540835767809,0.15381649701018438,0.780433872241238,0.14338886122619948,0.7899915152169916,0.5,0.0,339.0,0.0,79.29759704251386,0.3493204367482131,0.5563444663230744,False,PROVISIONAL_AUDIT_NOT_FINAL,0.0
10,25-34,2019,21,State_major_occupation,True,170.0,123.0,47.0,72.3529411764706,0.22859760602533236,0.5050681942606264,0.3159479107667195,0.22859760602533236,0.5050681942606264,0.22859760602533236,0.5050681942606264,0.5,0.0,47.0,0.0,72.3529411764706,0.22859760602533236,0.5050681942606264,False,PROVISIONAL_AUDIT_NOT_FINAL,0.0
10,25-34,2019,23,State_major_occupation,True,197.0,197.0,0.0,100.0,0.47418570219966155,0.47418570219966155,0.47418570219966155,0.47418570219966155,0.47418570219966155,0.43976311336717416,0.5053299492385787,0.5,42.0,42.0,100.0,100.0,0.47418570219966155,0.47418570219966155,True,PROVISIONAL_AUDIT_NOT_FINAL,0.0
10,25-34,2019,25,State_major_occupation,True,1305.0,645.0,660.0,49.42528735632184,0.14903060360411224,0.6547777300408939,0.3015270351990178,0.14903060360411224,0.6547777300408939,0.14399226813019914,0.6611033904661063,0.5,0.0,660.0,0.0,56.70498084291188,0.17145380088363138,0.6044039924545126,False,PROVISIONAL_AUDIT_NOT_FINAL,0.0
10,25-34,2019,27,State_major_occupation,True,66.0,53.0,13.0,80.3030303030303,0.3388327836466134,0.5358024806163103,0.42194271171087705,0.3388327836466134,0.5358024806163103,0.32262529137529133,0.5464015151515151,0.5,0.0,13.0,0.0,80.3030303030303,0.3388327836466134,0.5358024806163102,False,PROVISIONAL_AUDIT_NOT_FINAL,0.0
10,25-34,2019,29,State_major_occupation,True,2085.0,1788.0,297.0,85.75539568345324,0.28438577608106186,0.42683181924652946,0.33162435298043286,0.28438577608106186,0.42683181924652946,0.25302510330382394,0.46321564872711696,0.5,31.0,328.0,9.451219512195122,99.18465227817745,0.3270778397850395,0.33523131700326486,False,PROVISIONAL_AUDIT_NOT_FINAL,0.0
10,25-34,2019,31,State_major_occupation,True,774.0,774.0,0.0,100.0,0.16575211704892426,0.16575211704892426,0.16575211704892426,0.16575211704892426,0.16575211704892426,0.16504739541397012,0.16645683868387848,0.5,0.0,0.0,,100.0,0.16575211704892426,0.1657521170489243,True,PROVISIONAL_AUDIT_NOT_FINAL,0.0
10,25-34,2019,33,State_major_occupation,True,309.0,287.0,22.0,92.88025889967638,0.2684504092571946,0.33964782026043083,0.2890284894093141,0.27401752283401687,0.3452149338372531,0.23432833540068326,0.4093290152842872,0.5,0.0,22.0,0.0,92.88025889967638,0.2684504092571946,0.3396478202604308,False,PROVISIONAL_AUDIT_NOT_FINAL,0.0
10,25-34,2019,35,State_major_occupation,True,919.0,773.0,146.0,84.11316648531012,0.15155501442952243,0.31042334957642126,0.18017989425709072,0.15155501442952243,0.31042334957642126,0.14952549149269181,0.3124528725132519,0.5,0.0,146.0,0.0,84.11316648531012,0.15155501442952243,0.3104233495764212,False,PROVISIONAL_AUDIT_NOT_FINAL,0.0
10,25-34,2019,37,State_major_occupation,True,1178.0,831.0,347.0,70.54329371816638,0.052411731711081565,0.34697879452941777,0.07429725626432501,0.052411731711081565,0.34697879452941777,0.052411731711081565,0.34697879452941777,0.5,0.0,347.0,0.0,70.54329371816638,0.052411731711081565,0.34697879452941777,False,PROVISIONAL_AUDIT_NOT_FINAL,0.0
10,25-34,2019,39,State_major_occupation,True,408.0,337.0,71.0,82.59803921568627,0.14568490372730575,0.319704511570443,0.1763781623760853,0.14568490372730575,0.319704511570443,0.14487305481090762,0.32047310420159175,0.5,0.0,71.0,0.0,82.59803921568627,0.14568490372730575,0.3197045115704431,False,PROVISIONAL_AUDIT_NOT_FINAL,0.0
10,25-34,2019,41,State_major_occupation,True,1695.0,1695.0,0.0,100.0,0.40528786741337913,0.40528786741337913,0.40528786741337913,0.40473434509492423,0.40473434509492423,0.393150313205158,0.41642740809447626,0.5,203.0,203.0,100.0,100.0,0.40528786741337913,0.4052878674133791,True,PROVISIONAL_AUDIT_NOT_FINAL,0.0
10,25-34,2019,43,State_major_occupation,True,2395.0,2101.0,294.0,87.72442588726514,0.5140373842769219,0.6367931254042706,0.5859683652276193,0.5140373842769219,0.6367931254042706,0.5118975095378823,0.6389330001433102,0.5,1877.0,2171.0,86.45785352372178,87.72442588726514,0.5140373842769219,0.6367931254042706,False,PROVISIONAL_AUDIT_NOT_FINAL,0.0
10,25-34,2019,45,State_major_occupation,True,166.0,0.0,166.0,0.0,0.0,1.0,,0.0,1.0,0.0,1.0,0.5,0.0,166.0,0.0,0.0,0.0,1.0,False,PROVISIONAL_AUDIT_NOT_FINAL,0.0
10,25-34,2019,47,State_major_occupation,True,1140.0,1140.0,0.0,100.0,0.08849861744789744,0.08849861744789744,0.08849861744789744,0.08849861744789744,0.08849861744789744,0.08050910205724067,0.09920552414290203,0.5,0.0,0.0,,100.0,0.08849861744789744,0.08849861744789737,True,PROVISIONAL_AUDIT_NOT_FINAL,0.0
10,25-34,2019,49,State_major_occupation,True,1082.0,1072.0,10.0,99.07578558225508,0.09325741181017015,0.10249955598761933,0.09412735035317547,0.09325741181017015,0.10249955598761933,0.07546877265641669,0.11972452413981534,0.5,0.0,10.0,0.0,99.07578558225508,0.09325741181017015,0.10249955598761931,True,PROVISIONAL_AUDIT_NOT_FINAL,0.0
10,25-34,2019,51,State_major_occupation,True,941.0,619.0,322.0,65.78108395324124,0.06864809208425889,0.41083725255184655,0.10435840816040001,0.06864809208425889,0.41083725255184655,0.06667712278612535,0.4127634337587264,0.5,0.0,322.0,0.0,67.26886291179596,0.07063792836550478,0.39794929924754524,False,PROVISIONAL_AUDIT_NOT_FINAL,0.0
10,25-34,2019,53,State_major_occupation,True,1391.0,1275.0,116.0,91.6606757728253,0.18179115200483154,0.2651843942765785,0.19833058230487896,0.18179115200483154,0.2651843942765785,0.16596181326860693,0.2785513220313411,0.5,0.0,116.0,0.0,91.6606757728253,0.18179115200483154,0.2651843942765785,False,PROVISIONAL_AUDIT_NOT_FINAL,0.0
10,25-34,pooled,11,State_major_occupation,True,7695.0,5640.0,2055.0,73.2943469785575,0.33622476019229447,0.6032812904067194,0.45873218611342303,0.3364325189582079,0.6034890491726329,0.33014087395203207,0.6103922043236469,0.5,527.0,2582.0,20.41053446940356,95.73749187784276,0.44259238855658767,0.48521746977816005,False,PROVISIONAL_AUDIT_NOT_FINAL,0.0
10,25-34,pooled,13,State_major_occupation,True,4783.0,4493.0,290.0,93.93685971147815,0.47778038131479655,0.538411784200015,0.5086186431846588,0.47778038131479655,0.538411784200015,0.42595638665417046,0.5750032011604406,0.5,2851.0,3141.0,90.76727156956383,100.0,0.5125386288707996,0.5125386288707996,False,PROVISIONAL_AUDIT_NOT_FINAL,0.0
10,25-34,pooled,15,State_major_occupation,True,3961.0,3277.0,684.0,82.73163342590254,0.6191013176958319,0.7917849834368064,0.7483247846790326,0.6190003546144696,0.791684020355444,0.5925020988323075,0.8177784238121563,0.5,3277.0,3961.0,82.73163342590254,100.0,0.7522009694646632,0.7522009694646632,False,PROVISIONAL_AUDIT_NOT_FINAL,0.0
10,25-34,pooled,17,State_major_occupation,True,2059.0,884.0,1175.0,42.93346284604177,0.2272521855947633,0.7979175571343456,0.5293125001579385,0.22862199879547854,0.7992873703350608,0.21590694675287728,0.8203805577018883,0.5,570.0,1745.0,32.664756446991404,91.69499757163672,0.47262408481652257,0.5556741091001556,False,PROVISIONAL_AUDIT_NOT_FINAL,0.0
10,25-34,pooled,19,State_major_occupation,True,1784.0,778.0,1006.0,43.60986547085202,0.18070222986872406,0.7446035751602039,0.41436089728252407,0.1805028060493519,0.7444041513408317,0.1672254384305954,0.757198168396367,0.5,24.0,1030.0,2.3300970873786406,90.80717488789237,0.3999792837238071,0.4919075348448833,False,PROVISIONAL_AUDIT_NOT_FINAL,0.0
10,25-34,pooled,21,State_major_occupation,True,1823.0,954.0,869.0,52.33132199670872,0.16623474184845338,0.6429215218813662,0.3176582121485645,0.16623474184845338,0.6429215218813662,0.16623474184845338,0.6429215218813662,0.5,0.0,869.0,0.0,52.33132199670872,0.16623474184845338,0.6429215218813662,False,PROVISIONAL_AUDIT_NOT_FINAL,0.0
10,25-34,pooled,23,State_major_occupation,True,1044.0,998.0,46.0,95.59386973180077,0.46554407781741314,0.5096053804994055,0.4870020212839472,0.46554407781741314,0.5096053804994055,0.4416575835645395,0.5312169705377197,0.5,428.0,474.0,90.29535864978902,95.59386973180077,0.46554407781741314,0.5096053804994055,False,PROVISIONAL_AUDIT_NOT_FINAL,0.0
10,25-34,pooled,25,State_major_occupation,True,6875.0,4115.0,2760.0,59.85454545454545,0.19000822982339635,0.5914627752779418,0.3174499586964398,0.19000822982339635,0.5914627752779418,0.18338136831916735,0.5996915335607413,0.5,70.0,2830.0,2.4734982332155475,62.836363636363636,0.1991929430899278,0.5708293067262915,False,PROVISIONAL_AUDIT_NOT_FINAL,0.0
10,25-34,pooled,27,State_major_occupation,True,1642.0,1079.0,563.0,65.71254567600488,0.34422449758065093,0.6870990408206021,0.5238337581347811,0.34422449758065093,0.6870990408206021,0.33910698258124566,0.691089399271336,0.5,655.0,1218.0,53.77668308702791,65.71254567600488,0.34422449758065093,0.687099040820602,False,PROVISIONAL_AUDIT_NOT_FINAL,0.0
10,25-34,pooled,29,State_major_occupation,True,7756.0,6738.0,1018.0,86.8746776689015,0.27707742540765945,0.4083306487186445,0.31893922699047295,0.27763407503867765,0.4088872983496627,0.2438318165347916,0.4469082489163675,0.5,79.0,1097.0,7.201458523245214,99.43269726663229,0.3226289457537246,0.32830197308740183,False,PROVISIONAL_AUDIT_NOT_FINAL,0.0
10,25-34,pooled,31,State_major_occupation,True,3530.0,3482.0,48.0,98.64022662889518,0.1718676616846675,0.18546539539571566,0.17423688849709257,0.1718676616846675,0.18546539539571566,0.17114656974544526,0.18618648733493792,0.5,0.0,48.0,0.0,100.0,0.17510557232529173,0.1751055723252916,True,PROVISIONAL_AUDIT_NOT_FINAL,0.0
10,25-34,pooled,33,State_major_occupation,True,2094.0,2048.0,46.0,97.80324737344795,0.2922983981703289,0.31426592443584944,0.29886369422298276,0.29801673931130607,0.31998426557682663,0.23727275627121436,0.40514372660984455,0.5,0.0,46.0,0.0,97.80324737344795,0.2922983981703289,0.31426592443584944,False,PROVISIONAL_AUDIT_NOT_FINAL,0.0
10,25-34,pooled,35,State_major_occupation,True,6546.0,5247.0,1299.0,80.1558203483043,0.1409449426735136,0.3393867391904705,0.1758386877722165,0.1409449426735136,0.3393867391904705,0.1391087470056087,0.3412229348583754,0.5,344.0,1643.0,20.9373097991479,80.1558203483043,0.1409449426735136,0.3393867391904705,False,PROVISIONAL_AUDIT_NOT_FINAL,0.0
10,25-34,pooled,37,State_major_occupation,True,3974.0,2680.0,1294.0,67.43834927025667,0.04479086686658901,0.3704073741640223,0.06641750183874057,0.04479086686658901,0.3704073741640223,0.04479086686658901,0.3704073741640223,0.5,0.0,1294.0,0.0,67.43834927025667,0.04479086686658901,0.3704073741640223,False,PROVISIONAL_AUDIT_NOT_FINAL,0.0
10,25-34,pooled,39,State_major_occupation,True,2762.0,2465.0,297.0,89.24692251991311,0.1337289828922712,0.24125975769314018,0.14984156216975783,0.1337289828922712,0.24125975769314018,0.12709638513227936,0.24759842570600618,0.5,0.0,297.0,0.0,89.24692251991311,0.1337289828922712,0.24125975769314018,False,PROVISIONAL_AUDIT_NOT_FINAL,0.0
10,25-34,pooled,41,State_major_occupation,True,9546.0,9539.0,7.0,99.92667085690341,0.4274830924403658,0.42821638387133165,0.4277967921622531,0.4256434698715194,0.42637676130248525,0.4131285989470928,0.43925399537575194,0.5,2233.0,2240.0,99.6875,99.92667085690341,0.4274830924403658,0.4282163838713316,True,PROVISIONAL_AUDIT_NOT_FINAL,0.0
10,25-34,pooled,43,State_major_occupation,True,11004.0,10077.0,927.0,91.57579062159215,0.5411693983187871,0.6254114921028656,0.5909524718765439,0.5411693983187871,0.6254114921028656,0.5386475880679692,0.6279333023536835,0.5,8783.0,9710.0,90.45314109165808,91.57579062159215,0.5411693983187871,0.6254114921028655,False,PROVISIONAL_AUDIT_NOT_FINAL,0.0
10,25-34,pooled,45,State_major_occupation,True,674.0,46.0,628.0,6.824925816023739,0.019906033630069233,0.9516567754698317,0.2916666666666666,0.019906033630069233,0.9516567754698317,0.019906033630069233,0.9516567754698317,0.5,0.0,628.0,0.0,6.824925816023739,0.019906033630069233,0.9516567754698317,False,PROVISIONAL_AUDIT_NOT_FINAL,0.0
10,25-34,pooled,47,State_major_occupation,True,6070.0,5991.0,79.0,98.69851729818781,0.1300424598960572,0.14305728691417913,0.13175725781490022,0.1300424598960572,0.14305728691417913,0.12292156490947234,0.15040554768136732,0.5,0.0,79.0,0.0,100.0,0.13142980430389173,0.13142980430389165,True,PROVISIONAL_AUDIT_NOT_FINAL,0.0
10,25-34,pooled,49,State_major_occupation,True,3645.0,3612.0,33.0,99.09465020576131,0.11109952009386606,0.12015301803625289,0.11211454893193294,0.11109952009386606,0.12015301803625289,0.09119260857885031,0.13986469789071426,0.5,0.0,33.0,0.0,99.09465020576131,0.11109952009386606,0.12015301803625289,True,PROVISIONAL_AUDIT_NOT_FINAL,0.0
10,25-34,pooled,51,State_major_occupation,True,4788.0,3305.0,1483.0,69.0267335004177,0.10955009999846195,0.41928276499428485,0.15870677119293064,0.10923036373961321,0.4189630287354361,0.09660727198147429,0.4321239521984347,0.5,113.0,1596.0,7.080200501253133,69.63241436925648,0.11036017044658998,0.41403602675402523,False,PROVISIONAL_AUDIT_NOT_FINAL,0.0
10,25-34,pooled,53,State_major_occupation,True,6418.0,5933.0,485.0,92.44312870052975,0.14996947983798395,0.22553819283268633,0.16222890975900572,0.14996947983798395,0.22553819283268633,0.13886705753035336,0.23522249489623837,0.5,0.0,485.0,0.0,92.44312870052975,0.14996947983798395,0.22553819283268633,False,PROVISIONAL_AUDIT_NOT_FINAL,0.0
