O*NET-SOC 2019 Code,2018 SOC Code,O*NET-SOC 2019 Title
11-9039.00,11-9039,"Education Administrators, All Other"
11-9179.00,11-9179,"Personal Service Managers, All Other"
11-9199.00,11-9199,"Managers, All Other"
13-1199.00,13-1199,"Business Operations Specialists, All Other"
13-2099.00,13-2099,"Financial Specialists, All Other"
15-1299.00,15-1299,"Computer Occupations, All Other"
15-2099.00,15-2099,"Mathematical Science Occupations, All Other"
17-2199.00,17-2199,"Engineers, All Other"
17-3019.00,17-3019,"Drafters, All Other"
17-3029.00,17-3029,"Engineering Technologists and Technicians, Except Drafters, All Other"
19-1029.00,19-1029,"Biological Scientists, All Other"
19-1099.00,19-1099,"Life Scientists, All Other"
19-2099.00,19-2099,"Physical Scientists, All Other"
19-3039.00,19-3039,"Psychologists, All Other"
19-3099.00,19-3099,"Social Scientists and Related Workers, All Other"
19-4099.00,19-4099,"Life, Physical, and Social Science Technicians, All Other"
21-1019.00,21-1019,"Counselors, All Other"
21-1029.00,21-1029,"Social Workers, All Other"
21-1099.00,21-1099,"Community and Social Service Specialists, All Other"
21-2099.00,21-2099,"Religious Workers, All Other"
23-2099.00,23-2099,"Legal Support Workers, All Other"
25-1069.00,25-1069,"Social Sciences Teachers, Postsecondary, All Other"
25-1199.00,25-1199,"Postsecondary Teachers, All Other"
25-2059.00,25-2059,"Special Education Teachers, All Other"
25-3099.00,25-3099,"Teachers and Instructors, All Other"
25-9049.00,25-9049,"Teaching Assistants, All Other"
25-9099.00,25-9099,"Educational Instruction and Library Workers, All Other"
27-1019.00,27-1019,"Artists and Related Workers, All Other"
27-1029.00,27-1029,"Designers, All Other"
27-2099.00,27-2099,"Entertainers and Performers, Sports and Related Workers, All Other"
27-3099.00,27-3099,"Media and Communication Workers, All Other"
27-4099.00,27-4099,"Media and Communication Equipment Workers, All Other"
29-1029.00,29-1029,"Dentists, All Other Specialists"
29-1129.00,29-1129,"Therapists, All Other"
29-1229.00,29-1229,"Physicians, All Other"
29-1249.00,29-1249,"Surgeons, All Other"
29-1299.00,29-1299,"Healthcare Diagnosing or Treating Practitioners, All Other"
29-2099.00,29-2099,"Health Technologists and Technicians, All Other"
29-9099.00,29-9099,"Healthcare Practitioners and Technical Workers, All Other"
31-9099.00,31-9099,"Healthcare Support Workers, All Other"
33-1099.00,33-1099,"First-Line Supervisors of Protective Service Workers, All Other"
33-9099.00,33-9099,"Protective Service Workers, All Other"
35-2019.00,35-2019,"Cooks, All Other"
35-9099.00,35-9099,"Food Preparation and Serving Related Workers, All Other"
37-2019.00,37-2019,"Building Cleaning Workers, All Other"
37-3019.00,37-3019,"Grounds Maintenance Workers, All Other"
39-3019.00,39-3019,"Gambling Service Workers, All Other"
39-3099.00,39-3099,"Entertainment Attendants and Related Workers, All Other"
39-9099.00,39-9099,"Personal Care and Service Workers, All Other"
41-9099.00,41-9099,"Sales and Related Workers, All Other"
43-2099.00,43-2099,"Communications Equipment Operators, All Other"
43-3099.00,43-3099,"Financial Clerks, All Other"
43-4199.00,43-4199,"Information and Record Clerks, All Other"
43-9199.00,43-9199,"Office and Administrative Support Workers, All Other"
45-2099.00,45-2099,"Agricultural Workers, All Other"
45-4029.00,45-4029,"Logging Workers, All Other"
47-3019.00,47-3019,"Helpers, Construction Trades, All Other"
47-4099.00,47-4099,"Construction and Related Workers, All Other"
47-5049.00,47-5049,"Underground Mining Machine Operators, All Other"
47-5099.00,47-5099,"Extraction Workers, All Other"
49-9069.00,49-9069,"Precision Instrument and Equipment Repairers, All Other"
49-9099.00,49-9099,"Installation, Maintenance, and Repair Workers, All Other"
51-2099.00,51-2099,"Assemblers and Fabricators, All Other"
51-3099.00,51-3099,"Food Processing Workers, All Other"
51-4199.00,51-4199,"Metal Workers and Plastic Workers, All Other"
51-6099.00,51-6099,"Textile, Apparel, and Furnishings Workers, All Other"
51-7099.00,51-7099,"Woodworkers, All Other"
51-8099.00,51-8099,"Plant and System Operators, All Other"
51-9199.00,51-9199,"Production Workers, All Other"
53-1049.00,53-1049,"First-Line Supervisors of Transportation Workers, All Other"
53-3099.00,53-3099,"Motor Vehicle Operators, All Other"
53-4099.00,53-4099,"Rail Transportation Workers, All Other"
53-6099.00,53-6099,"Transportation Workers, All Other"
53-7199.00,53-7199,"Material Moving Workers, All Other"
55-1011.00,55-1011,Air Crew Officers
55-1012.00,55-1012,Aircraft Launch and Recovery Officers
55-1013.00,55-1013,Armored Assault Vehicle Officers
55-1014.00,55-1014,Artillery and Missile Officers
55-1015.00,55-1015,Command and Control Center Officers
55-1016.00,55-1016,Infantry Officers
55-1017.00,55-1017,Special Forces Officers
55-1019.00,55-1019,"Military Officer Special and Tactical Operations Leaders, All Other"
55-2011.00,55-2011,First-Line Supervisors of Air Crew Members
55-2012.00,55-2012,First-Line Supervisors of Weapons Specialists/Crew Members
55-2013.00,55-2013,First-Line Supervisors of All Other Tactical Operations Specialists
55-3011.00,55-3011,Air Crew Members
55-3012.00,55-3012,Aircraft Launch and Recovery Specialists
55-3013.00,55-3013,Armored Assault Vehicle Crew Members
55-3014.00,55-3014,Artillery and Missile Crew Members
55-3015.00,55-3015,Command and Control Center Specialists
55-3016.00,55-3016,Infantry
55-3018.00,55-3018,Special Forces
55-3019.00,55-3019,"Military Enlisted Tactical Operations and Air/Weapons Specialists and Crew Members, All Other"
